Date,Temperature,Fan,Fan(Units),Refrigerator,Fridge(Units),AirConditioner,AC(Units),Bulb,Bulb(Units),Television,TV(Units),Monitor,Monitor(Units),MotorPump,Motor(Units),Month,Units,Extra,TariffRate,ElectricityBill
2023-02-01,22.4,3.87,0.29,7.4,1.11,1.06,1.272,5.58,0.084,1.15,0.115,4.58,0.366,0.337,0.253,2,3.49,0.0,6.76,23.59
2023-02-02,23.3,4.64,0.348,6.71,1.006,1.93,2.316,4.61,0.069,1.05,0.105,4.44,0.355,0.381,0.286,2,4.485,0.0,6.76,30.32
2023-02-03,23.3,4.3,0.322,8.17,1.226,1.6,1.92,4.56,0.068,1.14,0.114,5.76,0.461,0.323,0.242,2,4.353,0.0,6.76,29.43
2023-02-04,19.8,2.63,0.197,7.69,1.154,1.4,1.68,5.63,0.084,3.63,0.363,0.49,0.039,0.337,0.253,2,3.77,0.0,6.76,25.49
2023-02-05,25.6,6.13,0.46,7.81,1.172,0.73,0.876,4.16,0.062,3.86,0.386,1.07,0.086,0.34,0.255,2,3.297,0.0,6.76,22.29
2023-02-06,19.9,3.06,0.229,6.69,1.004,0.73,0.876,5.79,0.087,1.95,0.195,4.83,0.386,0.269,0.202,2,2.979,0.0,6.76,20.14
2023-02-07,28.1,6.83,0.512,9.8,1.47,0.59,0.708,4.08,0.061,2.21,0.221,4.28,0.342,0.329,0.247,2,3.561,0.0,6.76,24.07
2023-02-08,20.6,3.66,0.274,6.7,1.005,1.8,2.16,6.07,0.091,1.7,0.17,7.7,0.616,0.321,0.241,2,4.557,0.0,6.76,30.81
2023-02-09,18.1,2.69,0.202,6.1,0.915,1.4,1.68,5.47,0.082,1.18,0.118,3.8,0.304,0.263,0.197,2,3.498,0.0,6.76,23.65
2023-02-10,23.0,4.26,0.319,8.01,1.202,1.56,1.872,5.06,0.076,1.69,0.169,6.1,0.488,0.399,0.299,2,4.425,0.0,6.76,29.91
2023-02-11,22.6,3.91,0.293,7.56,1.134,0.53,0.636,5.27,0.079,1.81,0.181,1.78,0.142,0.306,0.229,2,2.694,0.0,6.76,18.21
2023-02-12,30.1,7.44,0.558,8.84,1.326,1.95,2.34,4.03,0.06,4.24,0.424,1.49,0.119,0.3,0.225,2,5.052,0.0,6.76,34.15
2023-02-13,22.5,3.31,0.248,7.43,1.114,1.75,2.1,4.96,0.074,1.79,0.179,4.79,0.383,0.332,0.249,2,4.347,0.0,6.76,29.39
2023-02-14,30.5,7.55,0.566,10.78,1.617,0.82,0.984,3.59,0.054,1.96,0.196,4.36,0.349,0.355,0.266,2,4.032,0.0,6.76,27.26
2023-02-15,26.0,5.15,0.386,8.73,1.31,0.77,0.924,5.12,0.077,2.52,0.252,5.7,0.456,0.288,0.216,2,3.621,0.0,6.76,24.48
2023-02-16,26.5,5.72,0.429,8.33,1.25,0.78,0.936,4.88,0.073,1.4,0.14,4.69,0.375,0.269,0.202,2,3.405,0.0,6.76,23.02
2023-02-17,29.9,7.13,0.535,9.6,1.44,0.96,1.152,4.44,0.067,2.32,0.232,7.03,0.562,0.4,0.3,2,4.288,0.0,6.76,28.99
2023-02-18,29.8,5.99,0.449,10.49,1.574,1.29,1.548,5.41,0.081,2.88,0.288,1.99,0.159,0.264,0.198,2,4.297,0.0,6.76,29.05
2023-02-19,21.3,4.35,0.326,7.89,1.184,1.15,1.38,4.87,0.073,4.03,0.403,2.56,0.205,0.29,0.217,2,3.788,0.0,6.76,25.61
2023-02-20,22.3,4.19,0.314,7.81,1.172,0.94,1.128,5.24,0.079,2.06,0.206,4.31,0.345,0.311,0.233,2,3.477,0.0,6.76,23.5
2023-02-21,23.1,3.71,0.278,7.09,1.064,1.42,1.704,5.22,0.078,3.14,0.314,5.08,0.406,0.37,0.277,2,4.121,0.0,6.76,27.86
2023-02-22,22.5,3.69,0.277,8.24,1.236,0.71,0.852,4.89,0.073,1.94,0.194,4.64,0.371,0.314,0.236,2,3.239,0.0,6.76,21.9
2023-02-23,28.7,5.79,0.434,9.6,1.44,0.94,1.128,4.31,0.065,1.88,0.188,6.41,0.513,0.415,0.311,2,4.079,0.0,6.76,27.57
2023-02-24,20.3,3.61,0.271,8.0,1.2,1.05,1.26,5.73,0.086,2.14,0.214,4.23,0.338,0.299,0.224,2,3.593,0.0,6.76,24.29
2023-02-25,29.2,7.11,0.533,10.4,1.56,1.18,1.416,5.22,0.078,4.26,0.426,1.51,0.121,0.383,0.287,2,4.421,0.0,6.76,29.89
2023-02-26,30.7,6.59,0.494,9.69,1.453,1.68,2.016,4.63,0.069,2.89,0.289,1.47,0.118,0.34,0.255,2,4.694,0.0,6.76,31.73
2023-02-27,22.4,3.68,0.276,8.08,1.212,0.8,0.96,4.77,0.072,2.44,0.244,5.1,0.408,0.264,0.198,2,3.37,0.0,6.76,22.78
2023-02-28,18.9,4.1,0.307,7.06,1.059,1.27,1.524,6.19,0.093,2.0,0.2,5.01,0.401,0.304,0.228,2,3.812,0.0,6.76,25.77
2023-03-01,33.3,6.74,0.505,10.91,1.636,1.39,1.668,4.73,0.071,1.3,0.13,4.75,0.38,0.452,0.339,3,4.729,0.0,7.04,33.29
2023-03-02,30.6,7.27,0.545,9.21,1.382,0.57,0.684,3.24,0.049,2.61,0.261,4.42,0.354,0.46,0.345,3,3.62,0.0,7.04,25.48
2023-03-03,23.3,5.48,0.411,6.79,1.018,1.41,1.692,4.31,0.065,0.72,0.072,4.92,0.394,0.436,0.327,3,3.979,0.0,7.04,28.01
2023-03-04,30.5,7.33,0.55,10.5,1.575,0.76,0.912,4.59,0.069,4.81,0.481,1.82,0.146,0.36,0.27,3,4.003,0.0,7.04,28.18
2023-03-05,24.1,4.86,0.364,7.84,1.176,0.6,0.72,5.36,0.08,2.26,0.226,2.52,0.202,0.424,0.318,3,3.086,0.0,7.04,21.73
2023-03-06,37.3,10.07,0.755,11.53,1.729,1.92,2.304,2.99,0.045,1.62,0.162,5.71,0.457,0.337,0.253,3,5.705,0.0,7.04,40.16
2023-03-07,33.5,7.87,0.59,10.39,1.558,1.95,2.34,4.58,0.069,1.72,0.172,5.47,0.438,0.363,0.272,3,5.439,0.0,7.04,38.29
2023-03-08,33.8,6.85,0.514,10.59,1.588,1.71,2.052,3.28,0.049,2.2,0.22,6.24,0.499,0.459,0.344,3,5.266,0.0,7.04,37.07
2023-03-09,24.7,5.3,0.397,8.21,1.232,0.96,1.152,5.28,0.079,1.36,0.136,5.68,0.454,0.492,0.369,3,3.819,0.0,7.04,26.89
2023-03-10,35.3,10.43,0.782,10.55,1.582,0.65,0.78,2.43,0.036,1.23,0.123,5.96,0.477,0.459,0.344,3,4.124,0.0,7.04,29.03
2023-03-11,33.1,8.49,0.637,11.03,1.654,1.53,1.836,5.32,0.08,3.21,0.321,2.14,0.171,0.35,0.262,3,4.961,0.0,7.04,34.93
2023-03-12,25.6,5.08,0.381,8.33,1.25,1.16,1.392,5.44,0.082,3.92,0.392,2.42,0.194,0.491,0.368,3,4.059,0.0,7.04,28.58
2023-03-13,35.7,10.15,0.761,10.96,1.644,0.68,0.816,4.4,0.066,1.32,0.132,5.0,0.4,0.353,0.265,3,4.084,0.0,7.04,28.75
2023-03-14,24.9,5.66,0.424,7.92,1.188,1.24,1.488,4.98,0.075,1.55,0.155,3.84,0.307,0.478,0.358,3,3.995,0.0,7.04,28.12
2023-03-15,26.4,6.04,0.453,8.58,1.287,0.55,0.66,4.55,0.068,2.87,0.287,5.32,0.426,0.438,0.328,3,3.509,0.0,7.04,24.7
2023-03-16,32.5,7.66,0.574,9.69,1.453,1.86,2.232,2.95,0.044,1.97,0.197,4.87,0.39,0.392,0.294,3,5.184,0.0,7.04,36.5
2023-03-17,29.5,6.81,0.511,10.1,1.515,0.89,1.068,4.75,0.071,1.95,0.195,6.18,0.494,0.478,0.358,3,4.212,0.0,7.04,29.65
2023-03-18,23.9,4.67,0.35,8.1,1.215,1.49,1.788,5.48,0.082,2.74,0.274,1.77,0.142,0.474,0.356,3,4.207,0.0,7.04,29.62
2023-03-19,32.4,7.49,0.562,11.38,1.707,0.97,1.164,4.3,0.064,3.56,0.356,1.74,0.139,0.491,0.368,3,4.36,0.0,7.04,30.69
2023-03-20,34.8,8.44,0.633,12.05,1.808,1.28,1.536,2.74,0.041,1.82,0.182,5.85,0.468,0.393,0.295,3,4.963,0.0,7.04,34.94
2023-03-21,25.1,6.36,0.477,9.1,1.365,1.32,1.584,5.6,0.084,1.6,0.16,5.92,0.474,0.401,0.301,3,4.445,0.0,7.04,31.29
2023-03-22,25.4,6.04,0.453,9.43,1.414,0.78,0.936,4.37,0.066,1.29,0.129,3.62,0.29,0.406,0.304,3,3.592,0.0,7.04,25.29
2023-03-23,35.4,7.2,0.54,11.28,1.692,1.95,2.34,4.3,0.064,2.09,0.209,5.26,0.421,0.376,0.282,3,5.548,0.0,7.04,39.06
2023-03-24,30.1,6.76,0.507,9.8,1.47,1.66,1.992,4.77,0.072,0.64,0.064,4.9,0.392,0.355,0.266,3,4.763,0.0,7.04,33.53
2023-03-25,24.3,5.29,0.397,8.0,1.2,1.91,2.292,5.08,0.076,4.63,0.463,1.24,0.099,0.34,0.255,3,4.782,0.0,7.04,33.67
2023-03-26,25.3,4.65,0.349,7.17,1.076,1.84,2.208,4.28,0.064,3.29,0.329,1.55,0.124,0.448,0.336,3,4.486,0.0,7.04,31.58
2023-03-27,24.4,5.4,0.405,7.96,1.194,1.4,1.68,4.37,0.066,1.06,0.106,5.46,0.437,0.414,0.31,3,4.198,0.0,7.04,29.55
2023-03-28,30.6,6.47,0.485,10.56,1.584,1.88,2.256,4.55,0.068,0.91,0.091,5.02,0.402,0.422,0.316,3,5.202,0.0,7.04,36.62
2023-03-29,26.1,3.17,0.238,8.12,1.218,0.63,0.756,4.01,0.06,1.39,0.139,4.96,0.397,0.388,0.291,3,3.099,0.0,7.04,21.82
2023-03-30,24.5,4.65,0.349,8.32,1.248,0.79,0.948,5.37,0.081,1.89,0.189,4.3,0.344,0.423,0.317,3,3.476,0.0,7.04,24.47
2023-03-31,30.8,8.32,0.624,8.89,1.334,0.57,0.684,3.62,0.054,2.34,0.234,3.95,0.316,0.498,0.374,3,3.62,0.0,7.04,25.48
2023-04-01,33.7,8.45,0.634,10.58,1.587,0.99,1.188,3.91,0.059,3.02,0.302,1.19,0.095,0.381,0.286,4,4.151,0.0,6.06,25.16
2023-04-02,24.9,5.69,0.427,7.99,1.198,1.08,1.296,5.14,0.077,3.54,0.354,1.72,0.138,0.445,0.334,4,3.824,0.0,6.06,23.17
2023-04-03,37.1,11.27,0.845,11.15,1.672,0.91,1.092,3.86,0.058,1.04,0.104,4.55,0.364,0.404,0.303,4,4.438,0.0,6.06,26.89
2023-04-04,31.2,6.97,0.523,11.82,1.773,1.74,2.088,4.45,0.067,0.82,0.082,5.21,0.417,0.342,0.256,4,5.206,0.0,6.06,31.55
2023-04-05,27.9,5.39,0.404,10.71,1.606,1.04,1.248,5.01,0.075,1.96,0.196,4.42,0.354,0.402,0.302,4,4.185,0.0,6.06,25.36
2023-04-06,29.5,6.59,0.494,9.33,1.4,0.92,1.104,5.11,0.077,1.43,0.143,5.09,0.407,0.361,0.271,4,3.896,0.0,6.06,23.61
2023-04-07,27.3,6.06,0.454,9.65,1.448,1.31,1.572,3.09,0.046,1.72,0.172,4.78,0.382,0.469,0.352,4,4.426,0.0,6.06,26.82
2023-04-08,30.1,5.48,0.411,9.7,1.455,0.71,0.852,4.09,0.061,2.45,0.245,1.51,0.121,0.424,0.318,4,3.463,0.0,6.06,20.99
2023-04-09,37.8,9.71,0.728,11.71,1.757,1.7,2.04,3.82,0.057,3.74,0.374,0.8,0.064,0.466,0.35,4,5.37,0.0,6.06,32.54
2023-04-10,33.9,8.39,0.629,11.79,1.768,0.61,0.732,3.91,0.059,0.85,0.085,4.35,0.348,0.479,0.359,4,3.98,0.0,6.06,24.12
2023-04-11,29.6,7.59,0.569,10.29,1.543,1.98,2.376,3.9,0.058,1.17,0.117,5.77,0.462,0.44,0.33,4,5.455,0.0,6.06,33.06
2023-04-12,32.9,8.14,0.61,10.07,1.51,1.66,1.992,3.47,0.052,1.6,0.16,5.67,0.454,0.491,0.368,4,5.146,0.0,6.06,31.18
2023-04-13,24.8,4.74,0.356,8.75,1.312,0.8,0.96,4.58,0.069,1.53,0.153,6.43,0.514,0.487,0.365,4,3.729,0.0,6.06,22.6
2023-04-14,34.6,7.7,0.578,11.02,1.653,0.51,0.612,4.72,0.071,1.61,0.161,5.08,0.406,0.352,0.264,4,3.745,0.0,6.06,22.69
2023-04-15,38.9,12.53,0.94,11.65,1.748,1.72,2.064,3.35,0.05,3.32,0.332,2.36,0.189,0.334,0.25,4,5.573,0.0,6.06,33.77
2023-04-16,29.8,5.29,0.397,8.86,1.329,1.56,1.872,5.01,0.075,4.16,0.416,0.85,0.068,0.409,0.307,4,4.464,0.0,6.06,27.05
2023-04-17,26.2,5.17,0.388,7.67,1.15,1.59,1.908,5.02,0.075,1.41,0.141,5.86,0.469,0.439,0.329,4,4.46,0.0,6.06,27.03
2023-04-18,23.8,4.6,0.345,7.72,1.158,1.66,1.992,4.71,0.071,1.5,0.15,5.13,0.41,0.458,0.344,4,4.47,0.0,6.06,27.09
2023-04-19,27.5,5.61,0.421,7.54,1.131,0.61,0.732,5.94,0.089,0.84,0.084,6.11,0.489,0.407,0.305,4,3.251,0.0,6.06,19.7
2023-04-20,29.1,6.52,0.489,10.07,1.51,1.04,1.248,4.06,0.061,1.41,0.141,5.42,0.434,0.401,0.301,4,4.184,0.0,6.06,25.36
2023-04-21,23.7,4.54,0.34,7.66,1.149,0.67,0.804,4.77,0.072,1.52,0.152,4.44,0.355,0.445,0.334,4,3.206,0.0,6.06,19.43
2023-04-22,24.8,5.0,0.375,8.89,1.334,1.79,2.148,4.57,0.069,3.19,0.319,1.32,0.106,0.476,0.357,4,4.708,0.0,6.06,28.53
2023-04-23,35.3,10.71,0.803,12.32,1.848,1.43,1.716,3.61,0.054,2.84,0.284,0.16,0.013,0.482,0.362,4,5.08,0.0,6.06,30.78
2023-04-24,34.8,8.04,0.603,11.88,1.782,1.0,1.2,2.51,0.038,1.95,0.195,3.87,0.31,0.406,0.304,4,4.432,0.0,6.06,26.86
2023-04-25,26.8,6.2,0.465,9.35,1.402,0.6,0.72,4.27,0.064,2.31,0.231,6.72,0.538,0.376,0.282,4,3.702,0.0,6.06,22.43
2023-04-26,25.3,4.89,0.367,8.25,1.238,0.97,1.164,4.97,0.075,2.7,0.27,5.57,0.446,0.335,0.251,4,3.811,0.0,6.06,23.09
2023-04-27,26.7,6.67,0.5,9.4,1.41,0.99,1.188,3.88,0.058,1.81,0.181,4.87,0.39,0.397,0.298,4,4.025,0.0,6.06,24.39
2023-04-28,31.3,7.42,0.556,10.98,1.647,1.59,1.908,4.31,0.065,0.59,0.059,4.36,0.349,0.383,0.287,4,4.871,0.0,6.06,29.52
2023-04-29,31.6,9.55,0.716,9.34,1.401,1.46,1.752,4.48,0.067,3.51,0.351,1.99,0.159,0.342,0.256,4,4.702,0.0,6.06,28.49
2023-04-30,29.9,7.98,0.598,10.98,1.647,1.83,2.196,4.77,0.072,3.51,0.351,1.23,0.098,0.406,0.304,4,5.266,0.0,6.06,31.91
2023-05-01,26.5,5.7,0.428,9.55,1.432,1.21,1.452,3.85,0.058,2.06,0.206,3.59,0.287,0.349,0.262,5,4.125,0.0,7.2,29.7
2023-05-02,34.2,8.26,0.619,11.74,1.761,0.68,0.816,3.7,0.056,1.99,0.199,5.49,0.439,0.475,0.356,5,4.246,0.0,7.2,30.57
2023-05-03,27.4,4.44,0.333,8.98,1.347,1.57,1.884,4.9,0.074,1.58,0.158,5.36,0.429,0.495,0.371,5,4.596,0.0,7.2,33.09
2023-05-04,36.4,9.28,0.696,10.94,1.641,1.64,1.968,3.91,0.059,0.66,0.066,5.4,0.432,0.454,0.34,5,5.202,0.0,7.2,37.45
2023-05-05,25.1,5.05,0.379,8.65,1.298,1.34,1.608,4.28,0.064,2.13,0.213,5.69,0.455,0.436,0.327,5,4.344,0.0,7.2,31.28
2023-05-06,26.8,5.96,0.447,9.5,1.425,1.66,1.992,4.56,0.068,3.09,0.309,0.0,0.0,0.497,0.373,5,4.614,0.0,7.2,33.22
2023-05-07,33.5,7.31,0.548,10.29,1.543,1.24,1.488,3.69,0.055,3.88,0.388,1.26,0.101,0.381,0.286,5,4.409,0.0,7.2,31.74
2023-05-08,25.5,3.92,0.294,9.98,1.497,1.28,1.536,5.03,0.075,1.4,0.14,4.34,0.347,0.361,0.271,5,4.16,0.0,7.2,29.95
2023-05-09,35.5,9.91,0.743,10.96,1.644,1.14,1.368,2.54,0.038,1.54,0.154,4.59,0.367,0.364,0.273,5,4.587,0.0,7.2,33.03
2023-05-10,32.9,7.78,0.584,10.82,1.623,0.54,0.648,3.08,0.046,1.98,0.198,5.84,0.467,0.371,0.278,5,3.844,0.0,7.2,27.68
2023-05-11,25.8,6.89,0.517,9.02,1.353,0.66,0.792,4.08,0.061,1.6,0.16,4.71,0.377,0.355,0.266,5,3.526,0.0,7.2,25.39
2023-05-12,35.1,9.68,0.726,11.74,1.761,0.55,0.66,3.59,0.054,0.45,0.045,3.99,0.319,0.416,0.312,5,3.877,0.0,7.2,27.91
2023-05-13,23.4,5.08,0.381,8.22,1.233,1.45,1.74,3.27,0.049,2.88,0.288,2.46,0.197,0.391,0.293,5,4.181,0.0,7.2,30.1
2023-05-14,30.6,7.84,0.588,10.23,1.534,0.97,1.164,4.72,0.071,3.96,0.396,1.84,0.147,0.473,0.355,5,4.255,0.0,7.2,30.64
2023-05-15,32.7,8.64,0.648,10.05,1.508,1.26,1.512,3.41,0.051,1.79,0.179,4.7,0.376,0.457,0.343,5,4.617,0.0,7.2,33.24
2023-05-16,25.5,5.21,0.391,8.61,1.291,1.86,2.232,4.62,0.069,1.99,0.199,3.81,0.305,0.377,0.283,5,4.77,0.0,7.2,34.34
2023-05-17,31.4,8.5,0.638,10.23,1.534,0.87,1.044,4.11,0.062,1.26,0.126,5.43,0.434,0.39,0.292,5,4.13,0.0,7.2,29.74
2023-05-18,31.4,7.63,0.572,9.11,1.366,1.12,1.344,3.71,0.056,1.28,0.128,5.14,0.411,0.437,0.328,5,4.205,0.0,7.2,30.28
2023-05-19,24.4,4.73,0.355,8.94,1.341,1.63,1.956,4.67,0.07,0.28,0.028,5.59,0.447,0.408,0.306,5,4.503,0.0,7.2,32.42
2023-05-20,25.6,5.29,0.397,8.48,1.272,0.84,1.008,5.7,0.085,4.07,0.407,2.55,0.204,0.491,0.368,5,3.741,0.0,7.2,26.94
2023-05-21,27.5,5.22,0.391,8.73,1.31,0.62,0.744,5.43,0.081,3.28,0.328,0.93,0.074,0.339,0.254,5,3.182,0.0,7.2,22.91
2023-05-22,32.2,7.35,0.551,10.84,1.626,0.93,1.116,3.84,0.058,1.66,0.166,4.82,0.386,0.474,0.356,5,4.259,0.0,7.2,30.66
2023-05-23,33.4,7.36,0.552,10.72,1.608,0.74,0.888,4.47,0.067,1.79,0.179,4.18,0.334,0.354,0.265,5,3.893,0.0,7.2,28.03
2023-05-24,30.8,6.8,0.51,9.66,1.449,1.89,2.268,4.01,0.06,0.55,0.055,5.45,0.436,0.409,0.307,5,5.085,0.0,7.2,36.61
2023-05-25,23.9,4.09,0.307,7.5,1.125,1.71,2.052,6.29,0.094,1.2,0.12,5.82,0.466,0.477,0.358,5,4.522,0.0,7.2,32.56
2023-05-26,33.0,7.5,0.562,10.95,1.642,1.45,1.74,3.53,0.053,2.94,0.294,4.98,0.398,0.335,0.251,5,4.94,0.0,7.2,35.57
2023-05-27,28.5,5.91,0.443,8.97,1.346,1.81,2.172,4.62,0.069,3.35,0.335,1.36,0.109,0.355,0.266,5,4.74,0.0,7.2,34.13
2023-05-28,31.0,8.14,0.61,11.18,1.677,1.71,2.052,4.23,0.063,3.57,0.357,0.86,0.069,0.478,0.358,5,5.186,0.0,7.2,37.34
2023-05-29,32.4,7.25,0.544,11.26,1.689,0.78,0.936,3.91,0.059,2.07,0.207,4.84,0.387,0.441,0.331,5,4.153,0.0,7.2,29.9
2023-05-30,29.3,6.6,0.495,11.41,1.712,1.84,2.208,3.87,0.058,1.87,0.187,5.9,0.472,0.453,0.34,5,5.472,0.0,7.2,39.4
2023-05-31,25.7,4.07,0.305,8.58,1.287,1.31,1.572,4.3,0.064,1.63,0.163,5.87,0.47,0.455,0.341,5,4.202,0.0,7.2,30.25
2023-06-01,26.7,4.66,0.35,7.94,1.191,1.71,2.052,5.69,0.085,1.44,0.144,6.42,0.514,0.265,0.199,6,4.535,0.0,6.94,31.47
2023-06-02,29.4,6.91,0.518,9.24,1.386,1.84,2.208,5.0,0.075,1.97,0.197,5.32,0.426,0.318,0.238,6,5.048,0.0,6.94,35.03
2023-06-03,22.8,4.05,0.304,6.51,0.976,0.98,1.176,5.4,0.081,3.31,0.331,2.35,0.188,0.265,0.199,6,3.255,0.0,6.94,22.59
2023-06-04,22.5,4.46,0.334,7.35,1.102,0.67,0.804,5.95,0.089,2.65,0.265,2.39,0.191,0.188,0.141,6,2.926,0.0,6.94,20.31
2023-06-05,29.1,6.14,0.46,9.96,1.494,0.84,1.008,4.36,0.065,1.34,0.134,5.99,0.479,0.284,0.213,6,3.853,0.0,6.94,26.74
2023-06-06,21.2,3.8,0.285,8.2,1.23,1.14,1.368,5.84,0.088,1.45,0.145,5.29,0.423,0.311,0.233,6,3.772,0.0,6.94,26.18
2023-06-07,22.4,3.18,0.238,7.63,1.144,1.73,2.076,4.56,0.068,1.42,0.142,4.17,0.334,0.251,0.188,6,4.19,0.0,6.94,29.08
2023-06-08,21.4,3.32,0.249,9.24,1.386,1.79,2.148,5.01,0.075,2.15,0.215,3.32,0.266,0.278,0.209,6,4.548,0.0,6.94,31.56
2023-06-09,21.2,3.64,0.273,7.75,1.162,0.51,0.612,4.72,0.071,2.14,0.214,4.87,0.39,0.306,0.229,6,2.951,0.0,6.94,20.48
2023-06-10,29.3,6.92,0.519,9.67,1.45,1.27,1.524,5.27,0.079,3.58,0.358,1.14,0.091,0.322,0.242,6,4.263,0.0,6.94,29.59
2023-06-11,26.6,6.37,0.478,9.49,1.424,1.13,1.356,5.97,0.09,2.94,0.294,1.74,0.139,0.297,0.223,6,4.004,0.0,6.94,27.79
2023-06-12,26.0,5.54,0.416,9.07,1.36,0.83,0.996,3.55,0.053,0.94,0.094,5.84,0.467,0.294,0.22,6,3.606,0.0,6.94,25.03
2023-06-13,29.5,6.31,0.473,9.15,1.372,0.68,0.816,3.55,0.053,0.73,0.073,3.69,0.295,0.241,0.181,6,3.263,0.0,6.94,22.65
2023-06-14,24.1,3.28,0.246,9.13,1.37,1.01,1.212,4.88,0.073,1.08,0.108,5.87,0.47,0.244,0.183,6,3.662,0.0,6.94,25.41
2023-06-15,24.3,5.3,0.397,9.13,1.37,1.91,2.292,4.74,0.071,0.81,0.081,3.77,0.302,0.256,0.192,6,4.705,0.0,6.94,32.65
2023-06-16,25.0,5.23,0.392,8.79,1.318,0.98,1.176,4.53,0.068,1.74,0.174,4.85,0.388,0.184,0.138,6,3.654,0.0,6.94,25.36
2023-06-17,24.5,4.19,0.314,9.23,1.384,1.28,1.536,4.86,0.073,2.25,0.225,1.82,0.146,0.212,0.159,6,3.837,0.0,6.94,26.63
2023-06-18,25.1,5.12,0.384,8.62,1.293,1.55,1.86,4.58,0.069,3.73,0.373,2.98,0.238,0.184,0.138,6,4.355,0.0,6.94,30.22
2023-06-19,27.1,5.48,0.411,9.75,1.462,1.05,1.26,4.48,0.067,1.78,0.178,5.11,0.409,0.314,0.236,6,4.023,0.0,6.94,27.92
2023-06-20,22.9,4.22,0.316,8.33,1.25,1.96,2.352,5.61,0.084,1.32,0.132,4.78,0.382,0.206,0.154,6,4.67,0.0,6.94,32.41
2023-06-21,28.7,5.75,0.431,10.8,1.62,1.94,2.328,3.76,0.056,1.64,0.164,4.37,0.35,0.195,0.146,6,5.095,0.0,6.94,35.36
2023-06-22,26.6,5.05,0.379,9.05,1.358,0.88,1.056,5.23,0.078,2.47,0.247,3.77,0.302,0.232,0.174,6,3.594,0.0,6.94,24.94
2023-06-23,26.4,5.25,0.394,9.42,1.413,1.25,1.5,4.05,0.061,0.64,0.064,3.47,0.278,0.332,0.249,6,3.959,0.0,6.94,27.48
2023-06-24,22.4,4.36,0.327,7.32,1.098,0.95,1.14,4.5,0.068,3.74,0.374,0.62,0.05,0.226,0.17,6,3.227,0.0,6.94,22.4
2023-06-25,20.3,3.29,0.247,7.45,1.118,0.93,1.116,6.13,0.092,4.02,0.402,1.59,0.127,0.221,0.166,6,3.268,0.0,6.94,22.68
2023-06-26,25.2,5.32,0.399,8.1,1.215,0.56,0.672,4.5,0.068,2.54,0.254,5.08,0.406,0.326,0.244,6,3.258,0.0,6.94,22.61
2023-06-27,21.1,3.59,0.269,8.18,1.227,1.41,1.692,5.17,0.078,2.45,0.245,4.75,0.38,0.299,0.224,6,4.115,0.0,6.94,28.56
2023-06-28,28.4,5.65,0.424,10.12,1.518,1.25,1.5,4.33,0.065,1.97,0.197,5.06,0.405,0.271,0.203,6,4.312,0.0,6.94,29.93
2023-06-29,20.5,3.13,0.235,6.8,1.02,0.58,0.696,5.54,0.083,0.86,0.086,4.29,0.343,0.323,0.242,6,2.705,0.0,6.94,18.77
2023-06-30,25.4,4.17,0.313,8.58,1.287,0.92,1.104,5.93,0.089,0.82,0.082,5.67,0.454,0.249,0.187,6,3.516,0.0,6.94,24.4
2023-07-01,28.6,7.03,0.527,9.13,1.37,1.86,2.232,5.47,0.082,3.74,0.374,1.98,0.158,0.234,0.176,7,4.919,0.0,6.12,30.1
2023-07-02,21.4,2.88,0.216,7.59,1.138,0.86,1.032,5.62,0.084,3.5,0.35,1.32,0.106,0.31,0.232,7,3.158,0.0,6.12,19.33
2023-07-03,30.2,6.57,0.493,9.65,1.448,0.72,0.864,4.4,0.066,0.0,0.0,5.05,0.404,0.178,0.134,7,3.409,0.0,6.12,20.86
2023-07-04,19.4,2.8,0.21,7.1,1.065,1.23,1.476,4.23,0.063,1.11,0.111,2.69,0.215,0.184,0.138,7,3.278,0.0,6.12,20.06
2023-07-05,26.1,4.11,0.308,8.42,1.263,1.98,2.376,4.8,0.072,1.09,0.109,4.95,0.396,0.187,0.14,7,4.664,0.0,6.12,28.54
2023-07-06,22.3,3.82,0.286,8.27,1.24,0.86,1.032,4.99,0.075,1.06,0.106,3.77,0.302,0.271,0.203,7,3.244,0.0,6.12,19.85
2023-07-07,23.8,4.02,0.301,8.85,1.328,1.51,1.812,5.41,0.081,1.2,0.12,4.06,0.325,0.289,0.217,7,4.184,0.0,6.12,25.61
2023-07-08,26.5,5.77,0.433,8.39,1.258,1.64,1.968,4.77,0.072,3.39,0.339,2.19,0.175,0.19,0.143,7,4.388,0.0,6.12,26.85
2023-07-09,23.8,4.67,0.35,8.83,1.324,0.86,1.032,6.55,0.098,2.68,0.268,1.47,0.118,0.246,0.184,7,3.374,0.0,6.12,20.65
2023-07-10,22.5,2.96,0.222,7.1,1.065,1.59,1.908,5.13,0.077,1.62,0.162,5.91,0.473,0.24,0.18,7,4.087,0.0,6.12,25.01
2023-07-11,22.0,4.19,0.314,7.25,1.088,1.05,1.26,5.75,0.086,1.67,0.167,5.64,0.451,0.253,0.19,7,3.556,0.0,6.12,21.76
2023-07-12,21.2,3.2,0.24,7.15,1.072,1.45,1.74,4.97,0.075,1.55,0.155,5.19,0.415,0.179,0.134,7,3.831,0.0,6.12,23.45
2023-07-13,19.7,3.55,0.266,6.74,1.011,1.45,1.74,4.48,0.067,1.91,0.191,5.93,0.474,0.183,0.137,7,3.886,0.0,6.12,23.78
2023-07-14,25.3,4.18,0.313,8.23,1.234,1.3,1.56,5.01,0.075,2.29,0.229,4.0,0.32,0.187,0.14,7,3.871,0.0,6.12,23.69
2023-07-15,25.7,6.45,0.484,9.09,1.364,0.64,0.768,5.12,0.077,4.27,0.427,2.94,0.235,0.276,0.207,7,3.562,0.0,6.12,21.8
2023-07-16,21.3,4.11,0.308,6.28,0.942,1.75,2.1,5.24,0.079,2.63,0.263,0.11,0.009,0.269,0.202,7,3.903,0.0,6.12,23.89
2023-07-17,27.7,5.52,0.414,9.37,1.405,0.98,1.176,4.27,0.064,0.7,0.07,5.73,0.458,0.308,0.231,7,3.818,0.0,6.12,23.37
2023-07-18,28.1,6.62,0.496,9.74,1.461,0.78,0.936,5.05,0.076,1.42,0.142,5.71,0.457,0.276,0.207,7,3.775,0.0,6.12,23.1
2023-07-19,21.4,3.23,0.242,7.49,1.124,0.56,0.672,5.03,0.075,1.99,0.199,5.46,0.437,0.307,0.23,7,2.979,0.0,6.12,18.23
2023-07-20,24.9,6.48,0.486,8.8,1.32,1.39,1.668,3.55,0.053,1.55,0.155,6.45,0.516,0.312,0.234,7,4.432,0.0,6.12,27.12
2023-07-21,24.7,4.94,0.37,9.15,1.372,1.52,1.824,4.7,0.07,2.0,0.2,4.26,0.341,0.201,0.151,7,4.328,0.0,6.12,26.49
2023-07-22,24.1,5.39,0.404,9.08,1.362,0.52,0.624,4.97,0.075,2.73,0.273,1.72,0.138,0.168,0.126,7,3.002,0.0,6.12,18.37
2023-07-23,25.1,4.34,0.325,8.84,1.326,1.27,1.524,4.67,0.07,2.91,0.291,0.0,0.0,0.266,0.2,7,3.736,0.0,6.12,22.86
2023-07-24,23.2,5.29,0.397,7.46,1.119,0.84,1.008,5.58,0.084,1.16,0.116,5.14,0.411,0.247,0.185,7,3.32,0.0,6.12,20.32
2023-07-25,25.3,4.25,0.319,8.16,1.224,1.47,1.764,5.78,0.087,2.48,0.248,5.77,0.462,0.304,0.228,7,4.332,0.0,6.12,26.51
2023-07-26,24.5,5.37,0.403,8.8,1.32,0.76,0.912,5.3,0.08,1.91,0.191,2.78,0.222,0.191,0.143,7,3.271,0.0,6.12,20.02
2023-07-27,21.6,3.18,0.238,8.64,1.296,1.54,1.848,4.24,0.064,1.61,0.161,5.46,0.437,0.298,0.223,7,4.267,0.0,6.12,26.11
2023-07-28,19.5,3.35,0.251,7.16,1.074,1.08,1.296,6.02,0.09,0.34,0.034,4.0,0.32,0.227,0.17,7,3.235,0.0,6.12,19.8
2023-07-29,21.9,4.53,0.34,7.39,1.108,1.91,2.292,5.63,0.084,4.02,0.402,1.34,0.107,0.3,0.225,7,4.558,0.0,6.12,27.89
2023-07-30,23.7,3.76,0.282,8.0,1.2,0.71,0.852,5.45,0.082,3.17,0.317,0.0,0.0,0.288,0.216,7,2.949,0.0,6.12,18.05
2023-07-31,26.4,4.38,0.328,8.25,1.238,1.01,1.212,4.17,0.063,1.71,0.171,5.1,0.408,0.208,0.156,7,3.576,0.0,6.12,21.89
2023-08-01,26.7,4.71,0.353,8.91,1.336,0.67,0.804,4.3,0.064,2.44,0.244,4.58,0.366,0.177,0.133,8,3.3,0.0,7.31,24.12
2023-08-02,27.5,4.8,0.36,9.56,1.434,1.89,2.268,3.78,0.057,1.65,0.165,5.07,0.406,0.175,0.131,8,4.821,0.0,7.31,35.24
2023-08-03,23.1,4.61,0.346,9.39,1.408,1.82,2.184,4.23,0.063,1.84,0.184,3.93,0.314,0.329,0.247,8,4.746,0.0,7.31,34.69
2023-08-04,24.0,4.02,0.301,8.79,1.318,0.89,1.068,4.47,0.067,1.88,0.188,4.64,0.371,0.186,0.14,8,3.453,0.0,7.31,25.24
2023-08-05,29.0,6.58,0.494,9.05,1.358,1.49,1.788,4.95,0.074,4.49,0.449,1.43,0.114,0.247,0.185,8,4.462,0.0,7.31,32.62
2023-08-06,20.3,4.87,0.365,8.01,1.202,1.73,2.076,5.09,0.076,2.97,0.297,1.56,0.125,0.243,0.182,8,4.323,0.0,7.31,31.6
2023-08-07,19.6,1.97,0.148,6.52,0.978,1.33,1.596,4.87,0.073,1.19,0.119,5.93,0.474,0.253,0.19,8,3.578,0.0,7.31,26.16
2023-08-08,20.7,3.33,0.25,7.33,1.1,1.29,1.548,5.15,0.077,1.46,0.146,4.41,0.353,0.25,0.188,8,3.662,0.0,7.31,26.77
2023-08-09,20.7,3.75,0.281,7.4,1.11,0.86,1.032,5.95,0.089,1.16,0.116,3.54,0.283,0.299,0.224,8,3.135,0.0,7.31,22.92
2023-08-10,25.2,5.19,0.389,9.1,1.365,0.64,0.768,4.54,0.068,0.77,0.077,5.09,0.407,0.219,0.164,8,3.238,0.0,7.31,23.67
2023-08-11,27.3,5.41,0.406,9.54,1.431,1.85,2.22,4.09,0.061,1.19,0.119,5.24,0.419,0.192,0.144,8,4.8,0.0,7.31,35.09
2023-08-12,22.4,4.28,0.321,7.9,1.185,1.85,2.22,5.62,0.084,3.71,0.371,1.5,0.12,0.278,0.209,8,4.51,0.0,7.31,32.97
2023-08-13,24.7,4.11,0.308,8.51,1.276,1.45,1.74,5.23,0.078,3.24,0.324,2.93,0.234,0.315,0.236,8,4.196,0.0,7.31,30.67
2023-08-14,19.1,2.75,0.206,6.66,0.999,1.01,1.212,5.53,0.083,2.58,0.258,5.28,0.422,0.304,0.228,8,3.408,0.0,7.31,24.91
2023-08-15,21.5,3.18,0.238,7.0,1.05,1.02,1.224,4.78,0.072,2.1,0.21,5.44,0.435,0.304,0.228,8,3.457,0.0,7.31,25.27
2023-08-16,19.4,2.06,0.154,6.02,0.903,1.59,1.908,4.1,0.061,1.96,0.196,6.01,0.481,0.307,0.23,8,3.933,0.0,7.31,28.75
2023-08-17,24.2,4.38,0.328,7.56,1.134,1.85,2.22,4.99,0.075,1.03,0.103,5.96,0.477,0.178,0.134,8,4.471,0.0,7.31,32.68
2023-08-18,20.2,3.14,0.236,5.98,0.897,1.83,2.196,5.69,0.085,2.33,0.233,5.81,0.465,0.202,0.152,8,4.264,0.0,7.31,31.17
2023-08-19,19.3,3.67,0.275,7.4,1.11,1.67,2.004,6.26,0.094,3.8,0.38,0.53,0.042,0.318,0.238,8,4.143,0.0,7.31,30.29
2023-08-20,24.1,4.93,0.37,8.36,1.254,1.46,1.752,3.91,0.059,3.48,0.348,2.38,0.19,0.185,0.139,8,4.112,0.0,7.31,30.06
2023-08-21,22.6,3.52,0.264,7.99,1.198,0.63,0.756,4.69,0.07,1.95,0.195,5.16,0.413,0.301,0.226,8,3.122,0.0,7.31,22.82
2023-08-22,19.7,2.09,0.157,6.46,0.969,0.74,0.888,5.05,0.076,1.7,0.17,4.48,0.358,0.207,0.155,8,2.773,0.0,7.31,20.27
2023-08-23,19.0,0.72,0.054,6.3,0.945,1.85,2.22,4.4,0.066,1.97,0.197,5.84,0.467,0.175,0.131,8,4.08,0.0,7.31,29.82
2023-08-24,27.3,6.34,0.476,9.13,1.37,1.41,1.692,4.54,0.068,1.94,0.194,4.48,0.358,0.333,0.25,8,4.408,0.0,7.31,32.22
2023-08-25,26.1,4.54,0.34,9.14,1.371,0.51,0.612,4.76,0.071,2.2,0.22,5.21,0.417,0.305,0.229,8,3.26,0.0,7.31,23.83
2023-08-26,27.2,8.23,0.617,9.59,1.438,0.65,0.78,4.51,0.068,4.28,0.428,1.22,0.098,0.241,0.181,8,3.61,0.0,7.31,26.39
2023-08-27,24.4,5.91,0.443,8.31,1.246,1.5,1.8,4.64,0.07,3.87,0.387,0.73,0.058,0.231,0.173,8,4.177,0.0,7.31,30.53
2023-08-28,23.5,4.18,0.313,7.98,1.197,0.51,0.612,5.21,0.078,2.87,0.287,5.09,0.407,0.227,0.17,8,3.064,0.0,7.31,22.4
2023-08-29,22.8,3.61,0.271,7.45,1.118,0.74,0.888,5.2,0.078,0.76,0.076,4.28,0.342,0.253,0.19,8,2.963,0.0,7.31,21.66
2023-08-30,19.6,2.01,0.151,6.51,0.976,1.32,1.584,6.93,0.104,1.73,0.173,4.86,0.389,0.27,0.202,8,3.579,0.0,7.31,26.16
2023-08-31,19.6,2.56,0.192,6.59,0.988,1.54,1.848,5.28,0.079,2.15,0.215,4.68,0.374,0.232,0.174,8,3.87,0.0,7.31,28.29
2023-09-01,23.6,3.96,0.297,8.16,1.224,1.48,1.776,5.76,0.086,2.05,0.205,4.57,0.366,0.281,0.211,9,4.165,0.0,7.38,30.74
2023-09-02,19.3,2.18,0.164,6.61,0.992,0.84,1.008,5.29,0.079,3.22,0.322,2.72,0.218,0.179,0.134,9,2.917,0.0,7.38,21.53
2023-09-03,19.9,2.96,0.222,7.19,1.078,1.57,1.884,6.45,0.097,4.11,0.411,0.11,0.009,0.312,0.234,9,3.935,0.0,7.38,29.04
2023-09-04,26.5,5.34,0.4,8.57,1.286,0.86,1.032,3.49,0.052,1.11,0.111,7.14,0.571,0.174,0.13,9,3.582,0.0,7.38,26.44
2023-09-05,18.3,2.53,0.19,7.73,1.16,0.99,1.188,6.21,0.093,1.78,0.178,5.68,0.454,0.213,0.16,9,3.423,0.0,7.38,25.26
2023-09-06,21.1,2.87,0.215,6.97,1.045,1.62,1.944,5.44,0.082,1.79,0.179,3.54,0.283,0.264,0.198,9,3.946,0.0,7.38,29.12
2023-09-07,23.6,4.73,0.355,7.49,1.124,1.47,1.764,5.73,0.086,1.35,0.135,4.03,0.322,0.171,0.128,9,3.914,0.0,7.38,28.89
2023-09-08,24.7,3.43,0.257,7.66,1.149,1.77,2.124,4.62,0.069,1.07,0.107,5.89,0.471,0.268,0.201,9,4.378,0.0,7.38,32.31
2023-09-09,23.8,4.32,0.324,8.07,1.21,1.49,1.788,4.63,0.069,3.4,0.34,1.12,0.09,0.173,0.13,9,3.951,0.0,7.38,29.16
2023-09-10,19.2,1.93,0.145,7.01,1.051,1.35,1.62,4.75,0.071,3.19,0.319,1.43,0.114,0.315,0.236,9,3.556,0.0,7.38,26.24
2023-09-11,23.4,2.84,0.213,8.96,1.344,0.64,0.768,3.64,0.055,1.61,0.161,4.06,0.325,0.306,0.229,9,3.095,0.0,7.38,22.84
2023-09-12,23.2,3.09,0.232,8.26,1.239,1.05,1.26,4.12,0.062,0.98,0.098,5.05,0.404,0.225,0.169,9,3.464,0.0,7.38,25.56
2023-09-13,24.2,3.47,0.26,9.41,1.412,0.9,1.08,6.17,0.093,1.68,0.168,5.72,0.458,0.2,0.15,9,3.621,0.0,7.38,26.72
2023-09-14,23.4,4.0,0.3,9.08,1.362,0.87,1.044,3.94,0.059,1.64,0.164,5.21,0.417,0.312,0.234,9,3.58,0.0,7.38,26.42
2023-09-15,19.6,2.7,0.202,6.97,1.045,1.96,2.352,5.81,0.087,1.43,0.143,4.06,0.325,0.311,0.233,9,4.387,0.0,7.38,32.38
2023-09-16,24.7,3.9,0.292,6.92,1.038,1.09,1.308,5.6,0.084,2.96,0.296,1.69,0.135,0.249,0.187,9,3.34,0.0,7.38,24.65
2023-09-17,25.3,5.04,0.378,8.46,1.269,1.84,2.208,6.04,0.091,4.1,0.41,1.34,0.107,0.252,0.189,9,4.652,0.0,7.38,34.33
2023-09-18,25.6,6.49,0.487,8.17,1.226,1.45,1.74,5.18,0.078,2.16,0.216,4.67,0.374,0.226,0.17,9,4.291,0.0,7.38,31.67
2023-09-19,25.9,4.5,0.337,8.95,1.342,1.69,2.028,5.09,0.076,1.81,0.181,5.57,0.446,0.295,0.221,9,4.631,0.0,7.38,34.18
2023-09-20,24.6,4.99,0.374,8.33,1.25,1.25,1.5,4.26,0.064,1.63,0.163,4.34,0.347,0.235,0.176,9,3.874,0.0,7.38,28.59
2023-09-21,22.4,3.18,0.238,7.47,1.12,1.37,1.644,4.89,0.073,1.52,0.152,5.49,0.439,0.25,0.188,9,3.854,0.0,7.38,28.44
2023-09-22,26.3,5.07,0.38,8.35,1.252,1.24,1.488,4.43,0.066,1.07,0.107,4.2,0.336,0.214,0.16,9,3.789,0.0,7.38,27.96
2023-09-23,26.4,6.32,0.474,8.88,1.332,0.79,0.948,5.4,0.081,2.48,0.248,1.39,0.111,0.267,0.2,9,3.394,0.0,7.38,25.05
2023-09-24,22.1,3.31,0.248,6.89,1.033,1.58,1.896,5.51,0.083,4.0,0.4,3.25,0.26,0.271,0.203,9,4.123,0.0,7.38,30.43
2023-09-25,18.3,2.57,0.193,5.93,0.89,0.92,1.104,5.77,0.087,1.64,0.164,6.1,0.488,0.296,0.222,9,3.148,0.0,7.38,23.23
2023-09-26,21.3,1.7,0.128,7.45,1.118,0.54,0.648,5.3,0.08,0.93,0.093,4.5,0.36,0.213,0.16,9,2.587,0.0,7.38,19.09
2023-09-27,24.9,5.54,0.416,9.04,1.356,1.47,1.764,4.22,0.063,1.94,0.194,4.61,0.369,0.315,0.236,9,4.398,0.0,7.38,32.46
2023-09-28,22.3,3.4,0.255,6.92,1.038,0.77,0.924,4.94,0.074,2.69,0.269,6.26,0.501,0.284,0.213,9,3.274,0.0,7.38,24.16
2023-09-29,19.0,1.57,0.118,6.94,1.041,1.91,2.292,5.4,0.081,0.87,0.087,5.85,0.468,0.274,0.206,9,4.293,0.0,7.38,31.68
2023-09-30,18.8,2.97,0.223,6.64,0.996,1.93,2.316,4.18,0.063,3.41,0.341,0.35,0.028,0.228,0.171,9,4.138,0.0,7.38,30.54
2023-10-01,24.6,4.76,0.357,8.18,1.227,1.87,2.244,5.51,0.083,3.18,0.318,3.18,0.254,0.363,0.272,10,4.755,0.0,6.09,28.96
2023-10-02,26.5,4.7,0.352,8.04,1.206,1.06,1.272,5.27,0.079,1.99,0.199,5.86,0.469,0.316,0.237,10,3.814,0.0,6.09,23.23
2023-10-03,27.5,5.59,0.419,8.22,1.233,0.52,0.624,3.55,0.053,0.45,0.045,5.1,0.408,0.253,0.19,10,2.972,0.0,6.09,18.1
2023-10-04,20.0,2.46,0.184,7.1,1.065,1.89,2.268,5.71,0.086,0.05,0.005,4.94,0.395,0.327,0.245,10,4.248,0.0,6.09,25.87
2023-10-05,31.7,7.6,0.57,10.14,1.521,1.14,1.368,3.48,0.052,1.57,0.157,6.24,0.499,0.294,0.22,10,4.387,0.0,6.09,26.72
2023-10-06,19.9,3.38,0.254,6.25,0.938,1.95,2.34,3.96,0.059,1.65,0.165,5.79,0.463,0.412,0.309,10,4.528,0.0,6.09,27.58
2023-10-07,29.4,7.52,0.564,9.21,1.382,1.95,2.34,4.12,0.062,3.16,0.316,1.36,0.109,0.331,0.248,10,5.021,0.0,6.09,30.58
2023-10-08,27.1,5.48,0.411,8.64,1.296,1.78,2.136,5.26,0.079,3.43,0.343,1.34,0.107,0.288,0.216,10,4.588,0.0,6.09,27.94
2023-10-09,21.9,2.62,0.196,6.83,1.024,0.94,1.128,5.88,0.088,1.7,0.17,4.7,0.376,0.362,0.271,10,3.253,0.0,6.09,19.81
2023-10-10,23.6,4.62,0.346,8.44,1.266,1.08,1.296,4.68,0.07,0.4,0.04,5.26,0.421,0.26,0.195,10,3.634,0.0,6.09,22.13
2023-10-11,20.3,2.63,0.197,6.85,1.027,1.78,2.136,5.56,0.083,1.5,0.15,3.7,0.296,0.296,0.222,10,4.111,0.0,6.09,25.04
2023-10-12,28.6,7.9,0.592,8.7,1.305,0.98,1.176,3.93,0.059,1.45,0.145,4.84,0.387,0.285,0.214,10,3.878,0.0,6.09,23.62
2023-10-13,20.4,3.1,0.232,6.77,1.015,0.75,0.9,5.4,0.081,1.25,0.125,3.71,0.297,0.354,0.265,10,2.915,0.0,6.09,17.75
2023-10-14,30.5,7.87,0.59,9.21,1.382,1.34,1.608,4.57,0.069,3.74,0.374,1.43,0.114,0.37,0.277,10,4.414,0.0,6.09,26.88
2023-10-15,23.4,5.47,0.41,8.39,1.258,1.9,2.28,4.64,0.07,3.4,0.34,2.75,0.22,0.288,0.216,10,4.794,0.0,6.09,29.2
2023-10-16,26.4,4.7,0.352,8.31,1.246,1.54,1.848,4.8,0.072,1.93,0.193,4.88,0.39,0.255,0.191,10,4.292,0.0,6.09,26.14
2023-10-17,24.2,4.63,0.347,8.38,1.257,1.36,1.632,3.83,0.057,0.69,0.069,3.72,0.298,0.408,0.306,10,3.966,0.0,6.09,24.15
2023-10-18,26.0,6.04,0.453,7.98,1.197,0.65,0.78,4.81,0.072,0.55,0.055,6.1,0.488,0.29,0.217,10,3.262,0.0,6.09,19.87
2023-10-19,20.5,2.87,0.215,7.56,1.134,1.42,1.704,5.07,0.076,0.58,0.058,6.59,0.527,0.376,0.282,10,3.996,0.0,6.09,24.34
2023-10-20,24.8,5.22,0.391,6.32,0.948,1.99,2.388,5.55,0.083,1.26,0.126,4.71,0.377,0.284,0.213,10,4.526,0.0,6.09,27.56
2023-10-21,25.7,4.65,0.349,9.4,1.41,0.71,0.852,5.36,0.08,3.41,0.341,2.07,0.166,0.389,0.292,10,3.49,0.0,6.09,21.25
2023-10-22,23.0,5.19,0.389,8.54,1.281,1.28,1.536,4.83,0.072,3.65,0.365,1.59,0.127,0.297,0.223,10,3.993,0.0,6.09,24.32
2023-10-23,24.8,2.55,0.191,9.13,1.37,1.82,2.184,4.09,0.061,0.88,0.088,4.4,0.352,0.391,0.293,10,4.539,0.0,6.09,27.64
2023-10-24,24.9,3.79,0.284,7.75,1.162,1.61,1.932,5.21,0.078,1.85,0.185,4.63,0.37,0.4,0.3,10,4.311,0.0,6.09,26.25
2023-10-25,29.7,5.23,0.392,10.02,1.503,1.55,1.86,4.28,0.064,2.58,0.258,5.31,0.425,0.347,0.26,10,4.762,0.0,6.09,29.0
2023-10-26,29.7,5.33,0.4,9.16,1.374,1.55,1.86,4.73,0.071,1.98,0.198,5.03,0.402,0.335,0.251,10,4.556,0.0,6.09,27.75
2023-10-27,24.6,5.31,0.398,8.09,1.214,1.04,1.248,4.68,0.07,2.15,0.215,5.74,0.459,0.385,0.289,10,3.893,0.0,6.09,23.71
2023-10-28,22.3,3.04,0.228,7.77,1.166,0.94,1.128,6.12,0.092,3.96,0.396,2.01,0.161,0.333,0.25,10,3.421,0.0,6.09,20.83
2023-10-29,24.2,4.43,0.332,8.7,1.305,1.71,2.052,6.13,0.092,3.36,0.336,1.86,0.149,0.386,0.29,10,4.556,0.0,6.09,27.75
2023-10-30,24.9,6.1,0.457,9.26,1.389,1.72,2.064,4.55,0.068,1.66,0.166,5.19,0.415,0.316,0.237,10,4.796,0.0,6.09,29.21
2023-10-31,20.3,1.95,0.146,7.84,1.176,1.8,2.16,5.7,0.085,1.11,0.111,5.62,0.45,0.389,0.292,10,4.42,0.0,6.09,26.92
2023-11-01,29.1,6.41,0.481,8.66,1.299,1.87,2.244,3.61,0.054,0.84,0.084,6.0,0.48,0.306,0.229,11,4.871,0.0,6.42,31.27
2023-11-02,25.0,4.56,0.342,8.2,1.23,1.27,1.524,5.24,0.079,2.59,0.259,4.47,0.358,0.312,0.234,11,4.026,0.0,6.42,25.85
2023-11-03,27.9,6.98,0.524,8.95,1.342,1.25,1.5,3.64,0.055,1.81,0.181,6.22,0.498,0.267,0.2,11,4.3,0.0,6.42,27.61
2023-11-04,19.7,1.68,0.126,6.62,0.993,1.7,2.04,5.83,0.087,4.31,0.431,1.01,0.081,0.308,0.231,11,3.989,0.0,6.42,25.61
2023-11-05,22.9,3.66,0.274,7.11,1.066,1.47,1.764,4.37,0.066,3.32,0.332,2.26,0.181,0.411,0.308,11,3.991,0.0,6.42,25.62
2023-11-06,24.0,4.42,0.331,8.9,1.335,1.55,1.86,4.3,0.064,2.4,0.24,6.0,0.48,0.352,0.264,11,4.574,0.0,6.42,29.37
2023-11-07,21.4,3.73,0.28,7.91,1.186,1.69,2.028,4.96,0.074,1.67,0.167,6.33,0.506,0.363,0.272,11,4.513,0.0,6.42,28.97
2023-11-08,21.7,3.13,0.235,7.32,1.098,1.84,2.208,4.08,0.061,1.43,0.143,5.4,0.432,0.362,0.271,11,4.448,0.0,6.42,28.56
2023-11-09,28.9,5.59,0.419,9.25,1.388,1.01,1.212,4.42,0.066,1.61,0.161,3.72,0.298,0.322,0.242,11,3.786,0.0,6.42,24.31
2023-11-10,25.5,4.82,0.362,8.81,1.322,1.06,1.272,5.39,0.081,1.98,0.198,4.22,0.338,0.252,0.189,11,3.762,0.0,6.42,24.15
2023-11-11,20.3,2.7,0.202,7.77,1.166,0.64,0.768,6.73,0.101,3.22,0.322,2.79,0.223,0.264,0.198,11,2.98,0.0,6.42,19.13
2023-11-12,28.6,7.02,0.526,9.53,1.429,1.37,1.644,4.89,0.073,4.25,0.425,2.05,0.164,0.261,0.196,11,4.457,0.0,6.42,28.61
2023-11-13,22.7,3.86,0.29,7.67,1.15,0.55,0.66,3.91,0.059,1.67,0.167,5.65,0.452,0.361,0.271,11,3.049,0.0,6.42,19.57
2023-11-14,28.1,5.35,0.401,9.62,1.443,1.2,1.44,3.71,0.056,0.53,0.053,3.37,0.27,0.261,0.196,11,3.859,0.0,6.42,24.77
2023-11-15,27.0,5.12,0.384,8.99,1.348,1.31,1.572,4.04,0.061,1.5,0.15,5.63,0.45,0.268,0.201,11,4.166,0.0,6.42,26.75
2023-11-16,27.5,4.89,0.367,9.22,1.383,0.93,1.116,4.1,0.061,1.83,0.183,4.17,0.334,0.364,0.273,11,3.717,0.0,6.42,23.86
2023-11-17,18.4,1.18,0.088,6.97,1.045,1.39,1.668,5.49,0.082,0.5,0.05,3.28,0.262,0.309,0.232,11,3.427,0.0,6.42,22.0
2023-11-18,26.4,6.56,0.492,9.48,1.422,0.55,0.66,4.2,0.063,3.82,0.382,1.51,0.121,0.334,0.25,11,3.39,0.0,6.42,21.76
2023-11-19,17.6,2.49,0.187,7.39,1.108,0.56,0.672,6.12,0.092,3.5,0.35,1.19,0.095,0.352,0.264,11,2.768,0.0,6.42,17.77
2023-11-20,18.2,2.33,0.175,6.43,0.964,1.73,2.076,5.9,0.088,1.57,0.157,6.4,0.512,0.309,0.232,11,4.204,0.0,6.42,26.99
2023-11-21,18.6,2.15,0.161,6.35,0.952,1.04,1.248,4.55,0.068,1.86,0.186,4.88,0.39,0.289,0.217,11,3.222,0.0,6.42,20.69
2023-11-22,19.8,2.91,0.218,7.69,1.154,0.69,0.828,6.12,0.092,2.31,0.231,3.14,0.251,0.279,0.209,11,2.983,0.0,6.42,19.15
2023-11-23,23.9,5.04,0.378,7.6,1.14,1.28,1.536,5.13,0.077,2.83,0.283,5.2,0.416,0.27,0.202,11,4.032,0.0,6.42,25.89
2023-11-24,21.5,2.61,0.196,5.89,0.884,1.65,1.98,4.3,0.064,1.42,0.142,5.14,0.411,0.253,0.19,11,3.867,0.0,6.42,24.83
2023-11-25,26.8,5.88,0.441,9.45,1.417,0.82,0.984,6.19,0.093,3.98,0.398,0.62,0.05,0.252,0.189,11,3.572,0.0,6.42,22.93
2023-11-26,26.8,6.02,0.451,8.8,1.32,1.43,1.716,5.18,0.078,2.15,0.215,1.35,0.108,0.281,0.211,11,4.099,0.0,6.42,26.32
2023-11-27,28.6,6.08,0.456,10.0,1.5,0.63,0.756,4.16,0.062,1.08,0.108,4.78,0.382,0.34,0.255,11,3.519,0.0,6.42,22.59
2023-11-28,29.0,5.87,0.44,8.9,1.335,0.58,0.696,3.82,0.057,1.32,0.132,6.08,0.486,0.308,0.231,11,3.377,0.0,6.42,21.68
2023-11-29,21.1,2.94,0.22,7.97,1.196,1.3,1.56,6.18,0.093,1.33,0.133,6.03,0.482,0.251,0.188,11,3.872,0.0,6.42,24.86
2023-11-30,19.7,4.2,0.315,7.46,1.119,1.31,1.572,6.19,0.093,2.34,0.234,5.33,0.426,0.336,0.252,11,4.011,0.0,6.42,25.75
2023-12-01,16.4,2.02,0.152,6.04,0.906,1.46,1.752,5.22,0.078,1.82,0.182,5.12,0.41,0.375,0.281,12,3.761,0.0,7.21,27.12
2023-12-02,25.6,6.58,0.494,8.56,1.284,1.59,1.908,5.3,0.08,4.52,0.452,2.39,0.191,0.369,0.277,12,4.686,0.0,7.21,33.79
2023-12-03,16.6,1.24,0.093,6.07,0.91,1.96,2.352,5.68,0.085,2.99,0.299,2.18,0.174,0.335,0.251,12,4.164,0.0,7.21,30.02
2023-12-04,16.8,0.94,0.07,6.77,1.015,1.27,1.524,5.36,0.08,2.17,0.217,5.48,0.438,0.294,0.22,12,3.564,0.0,7.21,25.7
2023-12-05,24.7,3.42,0.256,8.79,1.318,0.98,1.176,4.22,0.063,1.13,0.113,4.19,0.335,0.349,0.262,12,3.523,0.0,7.21,25.4
2023-12-06,18.4,2.41,0.181,6.38,0.957,1.69,2.028,5.88,0.088,0.93,0.093,6.15,0.492,0.293,0.22,12,4.059,0.0,7.21,29.27
2023-12-07,14.7,0.73,0.055,6.7,1.005,0.91,1.092,5.38,0.081,1.54,0.154,4.01,0.321,0.4,0.3,12,3.008,0.0,7.21,21.69
2023-12-08,25.6,4.69,0.352,9.32,1.398,1.16,1.392,5.0,0.075,1.08,0.108,5.1,0.408,0.384,0.288,12,4.021,0.0,7.21,28.99
2023-12-09,24.1,4.74,0.356,8.59,1.288,0.62,0.744,6.01,0.09,3.04,0.304,0.05,0.004,0.359,0.269,12,3.055,0.0,7.21,22.03
2023-12-10,18.3,2.94,0.22,7.61,1.142,0.54,0.648,7.15,0.107,3.98,0.398,1.76,0.141,0.415,0.311,12,2.967,0.0,7.21,21.39
2023-12-11,25.0,6.1,0.457,8.55,1.282,1.94,2.328,3.86,0.058,1.17,0.117,5.56,0.445,0.405,0.304,12,4.991,0.0,7.21,35.99
2023-12-12,17.4,1.69,0.127,6.34,0.951,1.75,2.1,5.87,0.088,1.92,0.192,6.28,0.502,0.362,0.271,12,4.231,0.0,7.21,30.51
2023-12-13,22.1,3.94,0.296,8.31,1.246,1.54,1.848,5.01,0.075,0.73,0.073,5.89,0.471,0.358,0.268,12,4.277,0.0,7.21,30.84
2023-12-14,18.2,1.08,0.081,7.17,1.076,1.11,1.332,5.67,0.085,1.26,0.126,6.46,0.517,0.278,0.209,12,3.426,0.0,7.21,24.7
2023-12-15,15.2,1.42,0.106,7.84,1.176,0.76,0.912,6.21,0.093,1.8,0.18,4.22,0.338,0.317,0.238,12,3.043,0.0,7.21,21.94
2023-12-16,15.1,1.93,0.145,5.52,0.828,0.73,0.876,6.66,0.1,2.36,0.236,2.39,0.191,0.351,0.263,12,2.639,0.0,7.21,19.03
2023-12-17,25.1,5.49,0.412,8.61,1.291,0.88,1.056,5.42,0.081,3.2,0.32,1.37,0.11,0.373,0.28,12,3.55,0.0,7.21,25.6
2023-12-18,18.3,2.0,0.15,6.83,1.024,1.32,1.584,5.37,0.081,1.39,0.139,4.61,0.369,0.406,0.304,12,3.651,0.0,7.21,26.32
2023-12-19,16.0,0.47,0.035,5.86,0.879,1.57,1.884,5.3,0.08,1.08,0.108,3.62,0.29,0.267,0.2,12,3.476,0.0,7.21,25.06
2023-12-20,15.4,0.63,0.047,5.77,0.865,1.49,1.788,6.33,0.095,0.89,0.089,4.39,0.351,0.309,0.232,12,3.467,0.0,7.21,25.0
2023-12-21,22.4,3.31,0.248,7.66,1.149,0.92,1.104,5.5,0.082,1.27,0.127,3.47,0.278,0.344,0.258,12,3.246,0.0,7.21,23.4
2023-12-22,24.6,3.67,0.275,7.84,1.176,1.93,2.316,4.73,0.071,0.64,0.064,5.63,0.45,0.327,0.245,12,4.597,0.0,7.21,33.14
2023-12-23,18.4,1.53,0.115,7.06,1.059,1.61,1.932,6.25,0.094,4.38,0.438,2.4,0.192,0.394,0.296,12,4.126,0.0,7.21,29.75
2023-12-24,19.6,3.08,0.231,4.99,0.748,1.33,1.596,5.49,0.082,4.42,0.442,1.44,0.115,0.39,0.292,12,3.506,0.0,7.21,25.28
2023-12-25,18.0,1.6,0.12,6.75,1.012,1.42,1.704,5.16,0.077,0.32,0.032,4.61,0.369,0.283,0.212,12,3.526,0.0,7.21,25.42
2023-12-26,26.5,4.29,0.322,7.61,1.142,1.13,1.356,6.12,0.092,0.76,0.076,5.53,0.442,0.36,0.27,12,3.7,0.0,7.21,26.68
2023-12-27,17.3,0.5,0.038,6.1,0.915,0.87,1.044,5.01,0.075,1.07,0.107,5.35,0.428,0.298,0.223,12,2.83,0.0,7.21,20.4
2023-12-28,26.1,5.49,0.412,8.82,1.323,1.03,1.236,3.95,0.059,1.18,0.118,5.96,0.477,0.391,0.293,12,3.918,0.0,7.21,28.25
2023-12-29,23.8,4.61,0.346,8.45,1.267,1.64,1.968,4.4,0.066,1.09,0.109,4.71,0.377,0.294,0.22,12,4.353,0.0,7.21,31.39
2023-12-30,15.2,1.8,0.135,5.57,0.836,0.52,0.624,6.61,0.099,3.31,0.331,0.55,0.044,0.331,0.248,12,2.317,0.0,7.21,16.71
2023-12-31,25.8,4.98,0.374,8.55,1.282,0.67,0.804,5.04,0.076,3.93,0.393,2.77,0.222,0.276,0.207,12,3.358,0.0,7.21,24.21
2024-01-01,23.4,2.91,0.218,9.46,1.419,0.57,0.684,4.64,0.07,1.14,0.114,4.11,0.329,0.402,0.302,1,3.136,0.0,7.12,22.33
2024-01-02,22.3,3.06,0.229,7.59,1.138,0.56,0.672,5.02,0.075,1.19,0.119,5.96,0.477,0.277,0.208,1,2.918,0.0,7.12,20.78
2024-01-03,15.1,0.76,0.057,6.73,1.01,1.78,2.136,5.16,0.077,1.01,0.101,4.56,0.365,0.315,0.236,1,3.982,0.0,7.12,28.35
2024-01-04,24.7,4.82,0.362,8.44,1.266,1.56,1.872,5.16,0.077,0.83,0.083,5.59,0.447,0.315,0.236,1,4.343,0.0,7.12,30.92
2024-01-05,18.1,1.97,0.148,6.99,1.048,1.21,1.452,4.74,0.071,1.8,0.18,5.16,0.413,0.363,0.272,1,3.584,0.0,7.12,25.52
2024-01-06,18.8,2.91,0.218,7.39,1.108,0.65,0.78,5.3,0.08,2.81,0.281,2.29,0.183,0.354,0.265,1,2.915,0.0,7.12,20.75
2024-01-07,27.2,5.06,0.379,8.77,1.316,1.24,1.488,4.45,0.067,2.91,0.291,0.5,0.04,0.405,0.304,1,3.885,0.0,7.12,27.66
2024-01-08,16.0,0.12,0.009,6.01,0.902,1.21,1.452,5.67,0.085,1.79,0.179,3.68,0.294,0.328,0.246,1,3.167,0.0,7.12,22.55
2024-01-09,24.8,5.25,0.394,8.78,1.317,0.76,0.912,4.8,0.072,1.84,0.184,5.56,0.445,0.319,0.239,1,3.563,0.0,7.12,25.37
2024-01-10,20.2,2.5,0.188,6.85,1.027,1.15,1.38,4.56,0.068,2.05,0.205,4.6,0.368,0.307,0.23,1,3.466,0.0,7.12,24.68
2024-01-11,21.6,4.66,0.35,6.8,1.02,1.1,1.32,3.95,0.059,1.97,0.197,3.7,0.296,0.269,0.202,1,3.444,0.0,7.12,24.52
2024-01-12,22.7,3.52,0.264,8.31,1.246,1.42,1.704,5.45,0.082,2.25,0.225,6.53,0.522,0.4,0.3,1,4.343,0.0,7.12,30.92
2024-01-13,21.5,4.16,0.312,7.59,1.138,1.45,1.74,5.03,0.075,2.78,0.278,1.42,0.114,0.373,0.28,1,3.937,0.0,7.12,28.03
2024-01-14,16.2,1.92,0.144,6.32,0.948,0.57,0.684,5.13,0.077,3.75,0.375,1.45,0.116,0.308,0.231,1,2.575,0.0,7.12,18.33
2024-01-15,17.1,1.21,0.091,5.18,0.777,1.06,1.272,5.43,0.081,0.65,0.065,5.52,0.442,0.387,0.29,1,3.018,0.0,7.12,21.49
2024-01-16,27.1,3.81,0.286,8.65,1.298,1.44,1.728,5.13,0.077,1.19,0.119,4.14,0.331,0.264,0.198,1,4.037,0.0,7.12,28.74
2024-01-17,23.0,3.81,0.286,7.43,1.114,1.25,1.5,4.12,0.062,1.79,0.179,5.37,0.43,0.301,0.226,1,3.797,0.0,7.12,27.03
2024-01-18,25.9,5.32,0.399,8.51,1.276,1.78,2.136,4.56,0.068,1.19,0.119,4.08,0.326,0.359,0.269,1,4.593,0.0,7.12,32.7
2024-01-19,29.5,6.92,0.519,9.79,1.468,1.49,1.788,3.74,0.056,1.66,0.166,4.27,0.342,0.263,0.197,1,4.536,0.0,7.12,32.3
2024-01-20,21.2,1.88,0.141,8.25,1.238,0.74,0.888,5.85,0.088,3.66,0.366,0.25,0.02,0.293,0.22,1,2.961,0.0,7.12,21.08
2024-01-21,16.9,0.44,0.033,6.02,0.903,0.61,0.732,6.87,0.103,3.3,0.33,0.96,0.077,0.388,0.291,1,2.469,0.0,7.12,17.58
2024-01-22,16.8,0.37,0.028,5.27,0.79,1.46,1.752,5.7,0.085,2.11,0.211,5.01,0.401,0.372,0.279,1,3.546,0.0,7.12,25.25
2024-01-23,28.4,5.87,0.44,10.58,1.587,0.54,0.648,5.15,0.077,2.38,0.238,4.55,0.364,0.321,0.241,1,3.595,0.0,7.12,25.6
2024-01-24,25.7,4.73,0.355,9.34,1.401,1.38,1.656,4.69,0.07,2.25,0.225,4.81,0.385,0.313,0.235,1,4.327,0.0,7.12,30.81
2024-01-25,28.1,5.57,0.418,9.16,1.374,1.91,2.292,2.73,0.041,1.9,0.19,3.59,0.287,0.295,0.221,1,4.823,0.0,7.12,34.34
2024-01-26,16.7,2.49,0.187,5.91,0.886,1.36,1.632,6.41,0.096,0.79,0.079,6.08,0.486,0.294,0.22,1,3.586,0.0,7.12,25.53
2024-01-27,28.6,6.39,0.479,9.01,1.352,1.08,1.296,5.42,0.081,3.67,0.367,0.58,0.046,0.341,0.256,1,3.877,0.0,7.12,27.6
2024-01-28,20.9,3.24,0.243,7.2,1.08,1.46,1.752,6.54,0.098,3.11,0.311,0.83,0.066,0.253,0.19,1,3.74,0.0,7.12,26.63
2024-01-29,23.8,4.47,0.335,8.18,1.227,1.19,1.428,4.51,0.068,1.14,0.114,4.92,0.394,0.315,0.236,1,3.802,0.0,7.12,27.07
2024-01-30,16.7,1.14,0.085,5.89,0.884,1.32,1.584,5.21,0.078,2.1,0.21,5.08,0.406,0.316,0.237,1,3.484,0.0,7.12,24.81
2024-01-31,27.1,5.81,0.436,8.65,1.298,1.91,2.292,5.0,0.075,1.35,0.135,5.62,0.45,0.321,0.241,1,4.927,0.0,7.12,35.08
2024-02-01,28.8,5.76,0.432,9.12,1.368,1.08,1.296,4.63,0.069,1.17,0.117,3.41,0.273,0.395,0.296,2,3.851,0.0,6.28,24.18
2024-02-02,20.4,2.18,0.164,7.6,1.14,1.94,2.328,4.81,0.072,0.34,0.034,4.46,0.357,0.277,0.208,2,4.303,0.0,6.28,27.02
2024-02-03,23.8,5.18,0.388,7.32,1.098,1.86,2.232,5.21,0.078,3.3,0.33,0.85,0.068,0.318,0.238,2,4.432,0.0,6.28,27.83
2024-02-04,28.3,5.84,0.438,9.17,1.376,0.79,0.948,4.12,0.062,3.71,0.371,1.24,0.099,0.288,0.216,2,3.51,0.0,6.28,22.04
2024-02-05,24.3,5.0,0.375,8.97,1.346,0.6,0.72,5.07,0.076,2.08,0.208,4.7,0.376,0.276,0.207,2,3.308,0.0,6.28,20.77
2024-02-06,28.9,5.36,0.402,10.15,1.522,0.65,0.78,4.11,0.062,1.86,0.186,5.89,0.471,0.298,0.223,2,3.646,0.0,6.28,22.9
2024-02-07,24.7,3.51,0.263,8.5,1.275,0.53,0.636,3.61,0.054,1.03,0.103,5.92,0.474,0.284,0.213,2,3.018,0.0,6.28,18.95
2024-02-08,30.9,7.53,0.565,10.42,1.563,0.64,0.768,4.18,0.063,1.9,0.19,4.42,0.354,0.267,0.2,2,3.703,0.0,6.28,23.25
2024-02-09,20.1,2.31,0.173,7.67,1.15,1.52,1.824,5.78,0.087,2.51,0.251,6.3,0.504,0.346,0.259,2,4.248,0.0,6.28,26.68
2024-02-10,24.9,4.53,0.34,7.94,1.191,0.61,0.732,4.57,0.069,3.77,0.377,0.45,0.036,0.26,0.195,2,2.94,0.0,6.28,18.46
2024-02-11,21.1,4.44,0.333,7.71,1.156,0.98,1.176,5.45,0.082,2.13,0.213,1.33,0.106,0.328,0.246,2,3.312,0.0,6.28,20.8
2024-02-12,19.0,1.97,0.148,6.49,0.974,1.77,2.124,5.2,0.078,2.37,0.237,3.23,0.258,0.361,0.271,2,4.09,0.0,6.28,25.69
2024-02-13,29.9,7.98,0.598,9.31,1.396,0.53,0.636,3.66,0.055,1.5,0.15,5.16,0.413,0.307,0.23,2,3.478,0.0,6.28,21.84
2024-02-14,29.2,6.18,0.463,9.67,1.45,1.72,2.064,4.82,0.072,2.64,0.264,5.2,0.416,0.363,0.272,2,5.001,0.0,6.28,31.41
2024-02-15,27.3,5.53,0.415,10.12,1.518,0.92,1.104,4.81,0.072,0.82,0.082,5.97,0.478,0.253,0.19,2,3.859,0.0,6.28,24.23
2024-02-16,28.8,5.24,0.393,10.41,1.562,0.68,0.816,4.67,0.07,1.04,0.104,5.23,0.418,0.38,0.285,2,3.648,0.0,6.28,22.91
2024-02-17,20.0,2.1,0.158,8.75,1.312,1.55,1.86,5.76,0.086,3.22,0.322,1.99,0.159,0.264,0.198,2,4.095,0.0,6.28,25.72
2024-02-18,26.8,4.65,0.349,8.93,1.34,1.44,1.728,4.62,0.069,3.23,0.323,1.0,0.08,0.339,0.254,2,4.143,0.0,6.28,26.02
2024-02-19,29.8,6.2,0.465,10.45,1.568,1.82,2.184,3.64,0.055,0.52,0.052,5.96,0.477,0.303,0.227,2,5.028,0.0,6.28,31.58
2024-02-20,20.0,2.9,0.218,7.09,1.064,1.6,1.92,5.67,0.085,2.12,0.212,5.66,0.453,0.372,0.279,2,4.231,0.0,6.28,26.57
2024-02-21,27.5,5.34,0.4,8.99,1.348,1.71,2.052,5.02,0.075,1.71,0.171,4.76,0.381,0.411,0.308,2,4.735,0.0,6.28,29.74
2024-02-22,22.5,3.15,0.236,8.17,1.226,0.92,1.104,5.01,0.075,2.21,0.221,6.82,0.546,0.387,0.29,2,3.698,0.0,6.28,23.22
2024-02-23,18.7,3.68,0.276,6.88,1.032,0.77,0.924,4.89,0.073,0.85,0.085,5.67,0.454,0.385,0.289,2,3.133,0.0,6.28,19.68
2024-02-24,25.6,6.52,0.489,7.4,1.11,1.63,1.956,6.41,0.096,3.76,0.376,0.76,0.061,0.402,0.302,2,4.39,0.0,6.28,27.57
2024-02-25,20.1,2.88,0.216,6.41,0.962,1.71,2.052,6.19,0.093,4.01,0.401,2.48,0.198,0.316,0.237,2,4.159,0.0,6.28,26.12
2024-02-26,26.5,4.35,0.326,8.75,1.312,1.99,2.388,3.92,0.059,1.45,0.145,5.27,0.422,0.334,0.25,2,4.902,0.0,6.28,30.78
2024-02-27,20.8,1.31,0.098,7.89,1.184,1.12,1.344,4.6,0.069,1.36,0.136,4.83,0.386,0.315,0.236,2,3.453,0.0,6.28,21.68
2024-02-28,28.8,5.61,0.421,8.41,1.262,1.06,1.272,4.55,0.068,2.97,0.297,4.57,0.366,0.306,0.229,2,3.915,0.0,6.28,24.59
2024-02-29,22.0,2.56,0.192,7.23,1.084,1.66,1.992,4.51,0.068,1.91,0.191,5.06,0.405,0.349,0.262,2,4.194,0.0,6.28,26.34
2024-03-01,33.2,8.77,0.658,10.57,1.586,1.01,1.212,4.58,0.069,1.57,0.157,4.37,0.35,0.383,0.287,3,4.319,0.0,6.31,27.25
2024-03-02,25.8,5.33,0.4,8.86,1.329,1.9,2.28,4.63,0.069,3.5,0.35,2.46,0.197,0.347,0.26,3,4.885,0.0,6.31,30.82
2024-03-03,30.4,7.74,0.58,9.87,1.48,1.79,2.148,5.1,0.076,3.74,0.374,0.85,0.068,0.419,0.314,3,5.04,0.0,6.31,31.8
2024-03-04,30.5,7.08,0.531,10.46,1.569,1.14,1.368,4.88,0.073,1.45,0.145,4.53,0.362,0.355,0.266,3,4.314,0.0,6.31,27.22
2024-03-05,28.1,7.17,0.538,9.12,1.368,1.63,1.956,3.97,0.06,1.36,0.136,5.65,0.452,0.341,0.256,3,4.766,0.0,6.31,30.07
2024-03-06,32.9,8.17,0.613,10.74,1.611,1.63,1.956,4.46,0.067,1.16,0.116,6.02,0.482,0.439,0.329,3,5.174,0.0,6.31,32.65
2024-03-07,32.4,9.11,0.683,11.13,1.67,0.65,0.78,4.18,0.063,0.69,0.069,5.4,0.432,0.364,0.273,3,3.97,0.0,6.31,25.05
2024-03-08,25.7,6.09,0.457,8.79,1.318,1.85,2.22,3.67,0.055,1.58,0.158,4.53,0.362,0.407,0.305,3,4.875,0.0,6.31,30.76
2024-03-09,25.1,4.78,0.358,7.06,1.059,1.26,1.512,5.08,0.076,3.57,0.357,0.0,0.0,0.473,0.355,3,3.717,0.0,6.31,23.45
2024-03-10,25.0,4.6,0.345,8.56,1.284,1.74,2.088,5.25,0.079,2.96,0.296,2.31,0.185,0.426,0.32,3,4.597,0.0,6.31,29.01
2024-03-11,37.6,10.31,0.773,12.08,1.812,0.98,1.176,3.74,0.056,0.52,0.052,5.1,0.408,0.357,0.268,3,4.545,0.0,6.31,28.68
2024-03-12,28.5,5.48,0.411,9.22,1.383,1.84,2.208,3.61,0.054,2.56,0.256,2.89,0.231,0.337,0.253,3,4.796,0.0,6.31,30.26
2024-03-13,27.9,6.27,0.47,9.62,1.443,1.08,1.296,5.03,0.075,0.66,0.066,4.55,0.364,0.424,0.318,3,4.032,0.0,6.31,25.44
2024-03-14,30.4,6.17,0.463,10.28,1.542,0.52,0.624,4.37,0.066,1.29,0.129,4.6,0.368,0.4,0.3,3,3.492,0.0,6.31,22.03
2024-03-15,28.3,6.89,0.517,9.56,1.434,1.86,2.232,5.26,0.079,2.22,0.222,5.23,0.418,0.343,0.257,3,5.159,0.0,6.31,32.55
2024-03-16,32.7,8.13,0.61,10.56,1.584,0.64,0.768,2.98,0.045,4.06,0.406,1.63,0.13,0.356,0.267,3,3.81,0.0,6.31,24.04
2024-03-17,31.4,7.57,0.568,10.89,1.634,0.98,1.176,3.75,0.056,1.82,0.182,1.08,0.086,0.429,0.322,3,4.024,0.0,6.31,25.39
2024-03-18,24.2,6.41,0.481,7.86,1.179,1.93,2.316,3.93,0.059,1.7,0.17,5.96,0.477,0.427,0.32,3,5.002,0.0,6.31,31.56
2024-03-19,27.4,7.09,0.532,8.87,1.33,1.93,2.316,4.9,0.074,1.34,0.134,6.95,0.556,0.403,0.302,3,5.244,0.0,6.31,33.09
2024-03-20,30.8,5.58,0.418,9.49,1.424,1.36,1.632,4.02,0.06,1.36,0.136,5.8,0.464,0.337,0.253,3,4.387,0.0,6.31,27.68
2024-03-21,30.4,6.84,0.513,9.9,1.485,1.45,1.74,5.34,0.08,1.85,0.185,2.99,0.239,0.337,0.253,3,4.495,0.0,6.31,28.36
2024-03-22,34.7,9.4,0.705,10.84,1.626,1.17,1.404,4.33,0.065,1.74,0.174,6.25,0.5,0.486,0.364,3,4.838,0.0,6.31,30.53
2024-03-23,30.5,6.8,0.51,9.02,1.353,0.94,1.128,4.1,0.061,3.71,0.371,0.03,0.002,0.436,0.327,3,3.752,0.0,6.31,23.68
2024-03-24,26.0,4.4,0.33,9.44,1.416,0.99,1.188,4.63,0.069,2.46,0.246,2.57,0.206,0.466,0.35,3,3.805,0.0,6.31,24.01
2024-03-25,35.5,9.78,0.733,11.71,1.757,1.51,1.812,3.94,0.059,1.79,0.179,5.16,0.413,0.342,0.256,3,5.209,0.0,6.31,32.87
2024-03-26,26.2,4.95,0.371,9.47,1.42,1.63,1.956,4.26,0.064,1.28,0.128,5.0,0.4,0.446,0.334,3,4.673,0.0,6.31,29.49
2024-03-27,27.2,6.21,0.466,9.66,1.449,1.69,2.028,3.41,0.051,1.84,0.184,5.15,0.412,0.461,0.346,3,4.936,0.0,6.31,31.15
2024-03-28,31.9,7.43,0.557,11.31,1.697,1.68,2.016,4.12,0.062,1.01,0.101,5.42,0.434,0.368,0.276,3,5.143,0.0,6.31,32.45
2024-03-29,29.5,5.1,0.382,9.18,1.377,0.64,0.768,4.62,0.069,1.2,0.12,3.87,0.31,0.464,0.348,3,3.374,0.0,6.31,21.29
2024-03-30,34.8,10.26,0.77,10.69,1.604,1.24,1.488,3.16,0.047,2.71,0.271,1.48,0.118,0.352,0.264,3,4.562,0.0,6.31,28.79
2024-03-31,27.5,5.73,0.43,9.34,1.401,0.59,0.708,5.32,0.08,3.06,0.306,1.84,0.147,0.447,0.335,3,3.407,0.0,6.31,21.5
2024-04-01,29.3,8.22,0.616,9.26,1.389,1.32,1.584,3.56,0.053,1.52,0.152,5.79,0.463,0.477,0.358,4,4.615,0.0,6.56,30.27
2024-04-02,26.3,5.49,0.412,9.05,1.358,1.16,1.392,4.99,0.075,1.99,0.199,4.66,0.373,0.457,0.343,4,4.152,0.0,6.56,27.24
2024-04-03,33.4,8.56,0.642,11.38,1.707,1.83,2.196,3.6,0.054,2.58,0.258,4.72,0.378,0.361,0.271,4,5.506,0.0,6.56,36.12
2024-04-04,35.1,8.98,0.674,11.44,1.716,1.03,1.236,4.61,0.069,0.98,0.098,6.84,0.547,0.452,0.339,4,4.679,0.0,6.56,30.69
2024-04-05,26.3,5.59,0.419,9.17,1.376,0.68,0.816,3.94,0.059,2.34,0.234,5.29,0.423,0.352,0.264,4,3.591,0.0,6.56,23.56
2024-04-06,30.3,7.5,0.562,9.29,1.393,0.71,0.852,5.05,0.076,4.0,0.4,0.92,0.074,0.335,0.251,4,3.608,0.0,6.56,23.67
2024-04-07,31.9,7.96,0.597,10.9,1.635,1.64,1.968,3.57,0.054,2.65,0.265,0.0,0.0,0.48,0.36,4,4.879,0.0,6.56,32.01
2024-04-08,30.7,7.03,0.527,10.85,1.628,1.43,1.716,3.69,0.055,0.57,0.057,6.4,0.512,0.366,0.274,4,4.769,0.0,6.56,31.28
2024-04-09,35.7,8.26,0.619,12.36,1.854,0.65,0.78,2.47,0.037,1.33,0.133,5.07,0.406,0.387,0.29,4,4.119,0.0,6.56,27.02
2024-04-10,32.8,7.89,0.592,10.87,1.63,0.63,0.756,4.16,0.062,0.65,0.065,4.67,0.374,0.361,0.271,4,3.75,0.0,6.56,24.6
2024-04-11,26.7,5.5,0.412,8.29,1.243,1.55,1.86,4.41,0.066,1.94,0.194,5.03,0.402,0.391,0.293,4,4.47,0.0,6.56,29.32
2024-04-12,30.9,7.74,0.58,11.21,1.682,0.61,0.732,3.73,0.056,1.16,0.116,5.87,0.47,0.418,0.314,4,3.95,0.0,6.56,25.91
2024-04-13,36.0,9.51,0.713,10.48,1.572,1.73,2.076,3.92,0.059,3.58,0.358,1.7,0.136,0.499,0.374,4,5.288,0.0,6.56,34.69
2024-04-14,36.7,9.52,0.714,11.01,1.652,1.56,1.872,3.54,0.053,3.08,0.308,2.32,0.186,0.372,0.279,4,5.064,0.0,6.56,33.22
2024-04-15,24.8,4.79,0.359,8.22,1.233,0.62,0.744,4.3,0.064,0.5,0.05,5.74,0.459,0.484,0.363,4,3.272,0.0,6.56,21.46
2024-04-16,30.8,6.8,0.51,9.81,1.472,0.63,0.756,3.38,0.051,0.95,0.095,4.61,0.369,0.439,0.329,4,3.582,0.0,6.56,23.5
2024-04-17,26.4,5.64,0.423,8.97,1.346,1.98,2.376,4.04,0.061,1.55,0.155,4.84,0.387,0.476,0.357,4,5.105,0.0,6.56,33.49
2024-04-18,25.9,5.1,0.382,9.26,1.389,1.06,1.272,4.04,0.061,0.99,0.099,3.83,0.306,0.36,0.27,4,3.779,0.0,6.56,24.79
2024-04-19,32.3,7.26,0.544,11.23,1.684,1.06,1.272,4.72,0.071,1.51,0.151,5.63,0.45,0.359,0.269,4,4.441,0.0,6.56,29.13
2024-04-20,31.9,7.41,0.556,10.67,1.6,1.72,2.064,4.34,0.065,3.32,0.332,1.83,0.146,0.357,0.268,4,5.031,0.0,6.56,33.0
2024-04-21,35.0,10.32,0.774,10.98,1.647,1.92,2.304,4.76,0.071,2.51,0.251,1.2,0.096,0.49,0.368,4,5.511,0.0,6.56,36.15
2024-04-22,37.5,10.48,0.786,12.04,1.806,1.98,2.376,2.59,0.039,0.66,0.066,6.06,0.485,0.469,0.352,4,5.91,0.0,6.56,38.77
2024-04-23,28.9,6.05,0.454,10.52,1.578,1.63,1.956,3.77,0.057,0.89,0.089,5.95,0.476,0.449,0.337,4,4.947,0.0,6.56,32.45
2024-04-24,29.1,6.79,0.509,8.91,1.336,1.06,1.272,4.12,0.062,1.3,0.13,5.64,0.451,0.343,0.257,4,4.017,0.0,6.56,26.35
2024-04-25,33.8,7.8,0.585,10.83,1.624,0.63,0.756,3.36,0.05,1.34,0.134,4.15,0.332,0.385,0.289,4,3.77,0.0,6.56,24.73
2024-04-26,37.9,9.31,0.698,11.69,1.753,1.67,2.004,3.28,0.049,2.43,0.243,6.93,0.554,0.486,0.364,4,5.665,0.0,6.56,37.16
2024-04-27,28.6,7.72,0.579,10.34,1.551,1.34,1.608,5.0,0.075,3.32,0.332,1.99,0.159,0.48,0.36,4,4.664,0.0,6.56,30.6
2024-04-28,24.8,3.76,0.282,8.58,1.287,1.14,1.368,4.7,0.07,3.31,0.331,2.13,0.17,0.407,0.305,4,3.813,0.0,6.56,25.01
2024-04-29,31.1,7.74,0.58,10.76,1.614,1.86,2.232,4.89,0.073,1.74,0.174,4.57,0.366,0.406,0.304,4,5.343,0.0,6.56,35.05
2024-04-30,37.1,9.19,0.689,11.55,1.733,0.67,0.804,3.65,0.055,1.97,0.197,5.5,0.44,0.342,0.256,4,4.174,0.0,6.56,27.38
2024-05-01,29.4,6.04,0.453,9.95,1.492,1.24,1.488,3.73,0.056,2.27,0.227,4.09,0.327,0.458,0.344,5,4.387,0.0,6.73,29.52
2024-05-02,29.9,5.94,0.446,9.83,1.474,0.52,0.624,5.12,0.077,0.97,0.097,2.93,0.234,0.451,0.338,5,3.29,0.0,6.73,22.14
2024-05-03,27.3,4.79,0.359,9.81,1.472,1.2,1.44,4.87,0.073,0.79,0.079,5.15,0.412,0.359,0.269,5,4.104,0.0,6.73,27.62
2024-05-04,33.9,9.35,0.701,11.49,1.724,0.58,0.696,4.68,0.07,3.06,0.306,1.66,0.133,0.433,0.325,5,3.955,0.0,6.73,26.62
2024-05-05,27.9,7.3,0.548,9.16,1.374,0.68,0.816,5.36,0.08,3.18,0.318,1.58,0.126,0.475,0.356,5,3.618,0.0,6.73,24.35
2024-05-06,24.6,4.32,0.324,8.72,1.308,0.68,0.816,5.83,0.087,0.8,0.08,5.42,0.434,0.476,0.357,5,3.406,0.0,6.73,22.92
2024-05-07,30.4,7.36,0.552,10.04,1.506,1.47,1.764,4.26,0.064,1.6,0.16,3.65,0.292,0.342,0.256,5,4.594,0.0,6.73,30.92
2024-05-08,32.3,7.1,0.532,11.32,1.698,1.62,1.944,4.6,0.069,0.81,0.081,5.28,0.422,0.495,0.371,5,5.117,0.0,6.73,34.44
2024-05-09,31.4,7.36,0.552,11.1,1.665,1.38,1.656,3.19,0.048,1.73,0.173,5.89,0.471,0.434,0.326,5,4.891,0.0,6.73,32.92
2024-05-10,27.9,6.15,0.461,9.17,1.376,1.94,2.328,4.4,0.066,1.19,0.119,5.41,0.433,0.443,0.332,5,5.115,0.0,6.73,34.42
2024-05-11,28.2,6.85,0.514,9.82,1.473,1.06,1.272,5.14,0.077,3.28,0.328,1.5,0.12,0.388,0.291,5,4.075,0.0,6.73,27.42
2024-05-12,32.7,7.89,0.592,10.49,1.574,0.93,1.116,4.16,0.062,3.42,0.342,1.28,0.102,0.348,0.261,5,4.049,0.0,6.73,27.25
2024-05-13,37.1,11.54,0.865,11.68,1.752,1.8,2.16,3.24,0.049,0.54,0.054,4.39,0.351,0.351,0.263,5,5.494,0.0,6.73,36.97
2024-05-14,33.4,7.63,0.572,11.45,1.717,0.84,1.008,3.74,0.056,1.57,0.157,4.46,0.357,0.377,0.283,5,4.15,0.0,6.73,27.93
2024-05-15,28.4,6.02,0.451,8.71,1.306,1.94,2.328,5.3,0.08,2.61,0.261,4.01,0.321,0.351,0.263,5,5.01,0.0,6.73,33.72
2024-05-16,28.0,5.65,0.424,8.84,1.326,0.52,0.624,4.95,0.074,0.86,0.086,5.8,0.464,0.414,0.31,5,3.308,0.0,6.73,22.26
2024-05-17,34.6,7.84,0.588,12.4,1.86,1.95,2.34,4.11,0.062,1.48,0.148,5.74,0.459,0.375,0.281,5,5.738,0.0,6.73,38.62
2024-05-18,27.6,7.16,0.537,9.3,1.395,0.56,0.672,4.9,0.074,4.22,0.422,0.19,0.015,0.489,0.367,5,3.482,0.0,6.73,23.43
2024-05-19,30.1,7.44,0.558,10.35,1.552,1.84,2.208,4.3,0.064,4.26,0.426,1.76,0.141,0.483,0.362,5,5.311,0.0,6.73,35.74
2024-05-20,30.8,6.44,0.483,9.94,1.491,1.29,1.548,4.69,0.07,0.95,0.095,4.54,0.363,0.371,0.278,5,4.328,0.0,6.73,29.13
2024-05-21,32.3,7.59,0.569,10.23,1.534,1.99,2.388,3.14,0.047,1.44,0.144,4.77,0.382,0.462,0.347,5,5.411,0.0,6.73,36.42
2024-05-22,28.2,6.03,0.452,9.38,1.407,0.61,0.732,4.01,0.06,1.55,0.155,5.05,0.404,0.486,0.364,5,3.574,0.0,6.73,24.05
2024-05-23,27.3,5.48,0.411,8.98,1.347,1.33,1.596,4.52,0.068,1.75,0.175,5.45,0.436,0.379,0.284,5,4.317,0.0,6.73,29.05
2024-05-24,28.0,6.53,0.49,8.68,1.302,1.95,2.34,4.82,0.072,1.4,0.14,4.5,0.36,0.497,0.373,5,5.077,0.0,6.73,34.17
2024-05-25,30.4,8.36,0.627,9.27,1.39,1.28,1.536,5.2,0.078,3.29,0.329,0.96,0.077,0.459,0.344,5,4.381,0.0,6.73,29.48
2024-05-26,27.1,7.73,0.58,8.26,1.239,1.44,1.728,5.39,0.081,3.31,0.331,1.24,0.099,0.392,0.294,5,4.352,0.0,6.73,29.29
2024-05-27,28.0,6.0,0.45,8.86,1.329,1.54,1.848,5.35,0.08,2.1,0.21,6.36,0.509,0.402,0.302,5,4.728,0.0,6.73,31.82
2024-05-28,29.2,6.48,0.486,9.75,1.462,1.18,1.416,4.17,0.063,1.54,0.154,2.83,0.226,0.43,0.322,5,4.129,0.0,6.73,27.79
2024-05-29,33.6,8.1,0.607,10.78,1.617,1.44,1.728,2.29,0.034,1.19,0.119,4.39,0.351,0.425,0.319,5,4.775,0.0,6.73,32.14
2024-05-30,28.0,6.16,0.462,9.96,1.494,1.38,1.656,5.09,0.076,0.38,0.038,5.09,0.407,0.384,0.288,5,4.421,0.0,6.73,29.75
2024-05-31,25.2,4.45,0.334,8.22,1.233,1.85,2.22,4.56,0.068,2.4,0.24,4.52,0.362,0.389,0.292,5,4.749,0.0,6.73,31.96
2024-06-01,29.1,6.81,0.511,9.51,1.426,0.57,0.684,5.3,0.08,2.82,0.282,2.29,0.183,0.268,0.201,6,3.367,0.0,6.93,23.33
2024-06-02,24.1,4.69,0.352,8.06,1.209,0.92,1.104,4.25,0.064,4.98,0.498,2.21,0.177,0.316,0.237,6,3.641,0.0,6.93,25.23
2024-06-03,24.6,4.66,0.35,7.36,1.104,1.93,2.316,5.06,0.076,0.45,0.045,4.7,0.376,0.213,0.16,6,4.427,0.0,6.93,30.68
2024-06-04,25.2,4.13,0.31,8.55,1.282,1.84,2.208,4.53,0.068,0.8,0.08,3.64,0.291,0.219,0.164,6,4.403,0.0,6.93,30.51
2024-06-05,21.4,3.55,0.266,7.27,1.09,1.18,1.416,5.17,0.078,1.31,0.131,5.02,0.402,0.282,0.211,6,3.594,0.0,6.93,24.91
2024-06-06,26.6,6.93,0.52,8.87,1.33,1.43,1.716,3.79,0.057,1.3,0.13,7.01,0.561,0.205,0.154,6,4.468,0.0,6.93,30.96
2024-06-07,26.2,6.72,0.504,8.27,1.24,0.92,1.104,4.17,0.063,1.26,0.126,4.1,0.328,0.297,0.223,6,3.588,0.0,6.93,24.86
2024-06-08,23.9,5.02,0.376,7.72,1.158,0.78,0.936,5.95,0.089,3.07,0.307,0.89,0.071,0.251,0.188,6,3.125,0.0,6.93,21.66
2024-06-09,20.8,3.94,0.296,8.29,1.243,1.2,1.44,5.94,0.089,4.03,0.403,1.66,0.133,0.229,0.172,6,3.776,0.0,6.93,26.17
2024-06-10,21.9,1.6,0.12,6.86,1.029,1.03,1.236,4.8,0.072,1.83,0.183,4.4,0.352,0.316,0.237,6,3.229,0.0,6.93,22.38
2024-06-11,28.7,5.72,0.429,8.52,1.278,1.38,1.656,4.42,0.066,2.06,0.206,4.28,0.342,0.219,0.164,6,4.141,0.0,6.93,28.7
2024-06-12,24.4,3.63,0.272,8.32,1.248,0.62,0.744,3.95,0.059,0.23,0.023,5.23,0.418,0.207,0.155,6,2.919,0.0,6.93,20.23
2024-06-13,27.9,7.09,0.532,8.75,1.312,1.96,2.352,3.98,0.06,1.59,0.159,4.47,0.358,0.307,0.23,6,5.003,0.0,6.93,34.67
2024-06-14,21.3,3.06,0.229,6.77,1.015,1.98,2.376,4.83,0.072,1.3,0.13,4.55,0.364,0.27,0.202,6,4.388,0.0,6.93,30.41
2024-06-15,25.5,4.84,0.363,8.24,1.236,1.55,1.86,4.71,0.071,4.39,0.439,0.93,0.074,0.232,0.174,6,4.217,0.0,6.93,29.22
2024-06-16,29.1,5.95,0.446,9.64,1.446,1.3,1.56,5.63,0.084,3.42,0.342,1.58,0.126,0.227,0.17,6,4.174,0.0,6.93,28.93
2024-06-17,26.9,5.32,0.399,9.53,1.429,0.96,1.152,3.91,0.059,2.13,0.213,5.61,0.449,0.216,0.162,6,3.863,0.0,6.93,26.77
2024-06-18,24.3,5.14,0.385,9.2,1.38,1.72,2.064,5.41,0.081,2.46,0.246,5.34,0.427,0.212,0.159,6,4.742,0.0,6.93,32.86
2024-06-19,25.7,3.53,0.265,7.47,1.12,1.53,1.836,5.17,0.078,1.69,0.169,6.82,0.546,0.197,0.148,6,4.162,0.0,6.93,28.84
2024-06-20,25.2,3.84,0.288,8.7,1.305,0.74,0.888,3.99,0.06,1.44,0.144,4.52,0.362,0.296,0.222,6,3.269,0.0,6.93,22.65
2024-06-21,28.0,6.14,0.46,10.3,1.545,1.87,2.244,4.6,0.069,2.62,0.262,5.79,0.463,0.172,0.129,6,5.172,0.0,6.93,35.84
2024-06-22,24.6,4.92,0.369,7.88,1.182,1.73,2.076,5.46,0.082,2.31,0.231,1.82,0.146,0.299,0.224,6,4.31,0.0,6.93,29.87
2024-06-23,21.9,4.76,0.357,7.86,1.179,1.92,2.304,5.48,0.082,3.93,0.393,1.79,0.143,0.179,0.134,6,4.592,0.0,6.93,31.82
2024-06-24,22.2,3.21,0.241,7.91,1.186,1.59,1.908,5.34,0.08,1.41,0.141,5.9,0.472,0.285,0.214,6,4.242,0.0,6.93,29.4
2024-06-25,20.5,3.6,0.27,7.69,1.154,1.42,1.704,5.92,0.089,1.69,0.169,4.87,0.39,0.329,0.247,6,4.023,0.0,6.93,27.88
2024-06-26,30.3,7.91,0.593,9.86,1.479,1.13,1.356,4.29,0.064,0.98,0.098,4.57,0.366,0.227,0.17,6,4.126,0.0,6.93,28.59
2024-06-27,28.1,7.43,0.557,8.47,1.27,1.9,2.28,3.94,0.059,1.97,0.197,4.96,0.397,0.254,0.19,6,4.95,0.0,6.93,34.3
2024-06-28,21.6,3.24,0.243,8.29,1.243,1.8,2.16,3.75,0.056,1.3,0.13,5.9,0.472,0.286,0.214,6,4.518,0.0,6.93,31.31
2024-06-29,22.1,3.7,0.278,7.59,1.138,0.57,0.684,5.57,0.084,4.0,0.4,1.71,0.137,0.243,0.182,6,2.903,0.0,6.93,20.12
2024-06-30,21.6,4.59,0.344,6.58,0.987,0.54,0.648,5.28,0.079,2.49,0.249,1.75,0.14,0.199,0.149,6,2.596,0.0,6.93,17.99
2024-07-01,20.7,3.87,0.29,6.52,0.978,1.06,1.272,3.95,0.059,1.62,0.162,4.74,0.379,0.198,0.149,7,3.289,0.0,6.55,21.54
2024-07-02,21.9,3.51,0.263,8.2,1.23,1.72,2.064,5.09,0.076,1.14,0.114,4.57,0.366,0.225,0.169,7,4.282,0.0,6.55,28.05
2024-07-03,25.9,6.17,0.463,8.18,1.227,1.98,2.376,4.89,0.073,0.87,0.087,5.5,0.44,0.188,0.141,7,4.807,0.0,6.55,31.49
2024-07-04,25.7,4.05,0.304,9.23,1.384,0.73,0.876,5.72,0.086,2.25,0.225,5.57,0.446,0.306,0.229,7,3.55,0.0,6.55,23.25
2024-07-05,20.9,3.36,0.252,7.38,1.107,1.39,1.668,4.32,0.065,1.62,0.162,4.94,0.395,0.194,0.146,7,3.795,0.0,6.55,24.86
2024-07-06,25.9,5.12,0.384,8.48,1.272,1.07,1.284,5.59,0.084,3.39,0.339,1.13,0.09,0.293,0.22,7,3.673,0.0,6.55,24.06
2024-07-07,23.4,5.07,0.38,7.71,1.156,1.95,2.34,4.83,0.072,4.28,0.428,1.93,0.154,0.234,0.176,7,4.706,0.0,6.55,30.82
2024-07-08,27.2,4.76,0.357,8.94,1.341,1.76,2.112,4.95,0.074,0.33,0.033,5.25,0.42,0.211,0.158,7,4.495,0.0,6.55,29.44
2024-07-09,28.1,5.36,0.402,8.74,1.311,1.76,2.112,4.62,0.069,1.59,0.159,5.3,0.424,0.217,0.163,7,4.64,0.0,6.55,30.39
2024-07-10,20.1,3.76,0.282,6.36,0.954,1.2,1.44,4.55,0.068,1.82,0.182,6.08,0.486,0.256,0.192,7,3.604,0.0,6.55,23.61
2024-07-11,26.7,6.55,0.491,9.57,1.436,1.12,1.344,4.42,0.066,2.23,0.223,5.2,0.416,0.33,0.248,7,4.224,0.0,6.55,27.67
2024-07-12,29.5,5.65,0.424,9.73,1.46,0.91,1.092,4.06,0.061,1.58,0.158,5.1,0.408,0.23,0.173,7,3.776,0.0,6.55,24.73
2024-07-13,24.0,3.23,0.242,7.65,1.148,0.58,0.696,4.83,0.072,3.48,0.348,1.41,0.113,0.178,0.134,7,2.753,0.0,6.55,18.03
2024-07-14,22.8,4.47,0.335,7.0,1.05,1.8,2.16,4.85,0.073,3.92,0.392,2.66,0.213,0.191,0.143,7,4.366,0.0,6.55,28.6
2024-07-15,27.6,4.77,0.358,8.75,1.312,1.72,2.064,3.42,0.051,1.35,0.135,5.35,0.428,0.277,0.208,7,4.556,0.0,6.55,29.84
2024-07-16,27.6,5.75,0.431,8.65,1.298,2.0,2.4,4.15,0.062,1.69,0.169,4.59,0.367,0.183,0.137,7,4.864,0.0,6.55,31.86
2024-07-17,21.7,4.26,0.319,6.84,1.026,1.99,2.388,4.65,0.07,1.52,0.152,5.08,0.406,0.331,0.248,7,4.609,0.0,6.55,30.19
2024-07-18,26.7,5.11,0.383,8.91,1.336,1.33,1.596,4.92,0.074,1.58,0.158,5.98,0.478,0.241,0.181,7,4.206,0.0,6.55,27.55
2024-07-19,25.3,5.24,0.393,8.62,1.293,1.65,1.98,3.82,0.057,1.38,0.138,4.51,0.361,0.246,0.184,7,4.406,0.0,6.55,28.86
2024-07-20,26.9,7.06,0.53,8.09,1.214,1.92,2.304,5.52,0.083,3.54,0.354,2.88,0.23,0.272,0.204,7,4.919,0.0,6.55,32.22
2024-07-21,22.7,3.71,0.278,7.67,1.15,1.77,2.124,6.13,0.092,2.65,0.265,1.52,0.122,0.294,0.22,7,4.251,0.0,6.55,27.84
2024-07-22,21.6,2.35,0.176,7.18,1.077,0.87,1.044,4.92,0.074,1.51,0.151,6.32,0.506,0.24,0.18,7,3.208,0.0,6.55,21.01
2024-07-23,26.6,4.88,0.366,8.71,1.306,1.18,1.416,4.74,0.071,1.88,0.188,3.95,0.316,0.21,0.158,7,3.821,0.0,6.55,25.03
2024-07-24,28.2,5.51,0.413,10.12,1.518,0.69,0.828,3.45,0.052,1.46,0.146,3.83,0.306,0.333,0.25,7,3.513,0.0,6.55,23.01
2024-07-25,25.9,4.58,0.344,8.6,1.29,1.93,2.316,4.34,0.065,1.36,0.136,7.11,0.569,0.208,0.156,7,4.876,0.0,6.55,31.94
2024-07-26,26.5,5.59,0.419,8.94,1.341,1.41,1.692,5.84,0.088,1.83,0.183,4.14,0.331,0.229,0.172,7,4.226,0.0,6.55,27.68
2024-07-27,19.5,4.62,0.346,7.07,1.06,0.84,1.008,6.21,0.093,3.21,0.321,0.57,0.046,0.236,0.177,7,3.051,0.0,6.55,19.98
2024-07-28,24.3,3.91,0.293,8.7,1.305,1.51,1.812,4.7,0.07,3.52,0.352,0.49,0.039,0.286,0.214,7,4.085,0.0,6.55,26.76
2024-07-29,27.1,6.79,0.509,8.62,1.293,1.43,1.716,3.97,0.06,2.04,0.204,5.9,0.472,0.214,0.16,7,4.414,0.0,6.55,28.91
2024-07-30,22.4,2.6,0.195,7.44,1.116,1.04,1.248,4.8,0.072,1.66,0.166,5.35,0.428,0.269,0.202,7,3.427,0.0,6.55,22.45
2024-07-31,18.5,2.79,0.209,6.61,0.992,0.67,0.804,5.04,0.076,1.26,0.126,5.99,0.479,0.295,0.221,7,2.907,0.0,6.55,19.04
2024-08-01,24.1,4.71,0.353,8.67,1.3,1.51,1.812,5.12,0.077,1.17,0.117,4.63,0.37,0.325,0.244,8,4.273,0.0,6.69,28.59
2024-08-02,19.8,1.61,0.121,7.16,1.074,1.28,1.536,5.86,0.088,1.52,0.152,4.78,0.382,0.304,0.228,8,3.581,0.0,6.69,23.96
2024-08-03,19.7,1.39,0.104,8.21,1.232,1.66,1.992,5.31,0.08,3.4,0.34,1.53,0.122,0.294,0.22,8,4.09,0.0,6.69,27.36
2024-08-04,23.9,3.96,0.297,8.17,1.226,1.28,1.536,5.23,0.078,2.75,0.275,1.79,0.143,0.179,0.134,8,3.689,0.0,6.69,24.68
2024-08-05,25.2,5.38,0.403,8.74,1.311,1.78,2.136,2.79,0.042,1.58,0.158,4.56,0.365,0.258,0.194,8,4.609,0.0,6.69,30.83
2024-08-06,23.9,3.57,0.268,8.3,1.245,1.33,1.596,4.58,0.069,1.74,0.174,4.47,0.358,0.226,0.17,8,3.88,0.0,6.69,25.96
2024-08-07,25.6,5.46,0.41,9.23,1.384,1.34,1.608,5.08,0.076,0.92,0.092,5.21,0.417,0.188,0.141,8,4.128,0.0,6.69,27.62
2024-08-08,23.3,3.31,0.248,8.0,1.2,1.81,2.172,5.03,0.075,2.32,0.232,5.02,0.402,0.325,0.244,8,4.573,0.0,6.69,30.59
2024-08-09,24.5,5.34,0.4,8.3,1.245,1.11,1.332,2.77,0.042,1.01,0.101,5.97,0.478,0.305,0.229,8,3.827,0.0,6.69,25.6
2024-08-10,22.6,2.53,0.19,7.36,1.104,0.7,0.84,5.7,0.085,3.36,0.336,2.66,0.213,0.206,0.154,8,2.922,0.0,6.69,19.55
2024-08-11,27.3,5.42,0.406,9.0,1.35,0.54,0.648,3.78,0.057,3.17,0.317,1.46,0.117,0.257,0.193,8,3.088,0.0,6.69,20.66
2024-08-12,23.4,2.39,0.179,8.97,1.346,1.63,1.956,5.08,0.076,0.98,0.098,4.35,0.348,0.201,0.151,8,4.154,0.0,6.69,27.79
2024-08-13,25.2,4.72,0.354,8.69,1.303,1.43,1.716,4.25,0.064,2.19,0.219,3.89,0.311,0.29,0.217,8,4.184,0.0,6.69,27.99
2024-08-14,19.1,2.6,0.195,6.83,1.024,1.56,1.872,5.87,0.088,0.94,0.094,5.93,0.474,0.18,0.135,8,3.882,0.0,6.69,25.97
2024-08-15,19.6,3.02,0.226,7.75,1.162,0.82,0.984,4.27,0.064,1.7,0.17,5.81,0.465,0.332,0.249,8,3.32,0.0,6.69,22.21
2024-08-16,21.0,3.16,0.237,6.86,1.029,0.7,0.84,6.03,0.09,1.01,0.101,4.63,0.37,0.293,0.22,8,2.887,0.0,6.69,19.31
2024-08-17,22.6,4.04,0.303,8.64,1.296,0.52,0.624,5.56,0.083,3.75,0.375,1.37,0.11,0.227,0.17,8,2.961,0.0,6.69,19.81
2024-08-18,20.1,3.49,0.262,7.18,1.077,1.03,1.236,4.97,0.075,4.8,0.48,1.31,0.105,0.257,0.193,8,3.428,0.0,6.69,22.93
2024-08-19,19.8,2.01,0.151,6.54,0.981,1.38,1.656,5.1,0.076,1.66,0.166,4.16,0.333,0.229,0.172,8,3.535,0.0,6.69,23.65
2024-08-20,19.1,2.02,0.152,8.4,1.26,1.09,1.308,5.44,0.082,1.53,0.153,6.01,0.481,0.195,0.146,8,3.582,0.0,6.69,23.96
2024-08-21,21.5,3.94,0.296,7.87,1.18,1.16,1.392,4.89,0.073,1.36,0.136,5.47,0.438,0.216,0.162,8,3.677,0.0,6.69,24.6
2024-08-22,20.4,2.16,0.162,6.92,1.038,1.86,2.232,5.57,0.084,1.6,0.16,5.31,0.425,0.307,0.23,8,4.331,0.0,6.69,28.97
2024-08-23,20.2,2.88,0.216,7.3,1.095,1.02,1.224,5.67,0.085,1.4,0.14,4.45,0.356,0.325,0.244,8,3.36,0.0,6.69,22.48
2024-08-24,20.3,1.91,0.143,7.9,1.185,1.27,1.524,5.32,0.08,3.25,0.325,0.73,0.058,0.301,0.226,8,3.541,0.0,6.69,23.69
2024-08-25,19.6,1.87,0.14,7.34,1.101,1.68,2.016,6.02,0.09,3.13,0.313,0.78,0.062,0.228,0.171,8,3.893,0.0,6.69,26.04
2024-08-26,19.0,2.47,0.185,6.57,0.986,1.09,1.308,4.24,0.064,1.57,0.157,5.69,0.455,0.307,0.23,8,3.385,0.0,6.69,22.65
2024-08-27,23.6,4.82,0.362,8.56,1.284,1.43,1.716,4.9,0.074,0.96,0.096,5.69,0.455,0.268,0.201,8,4.188,0.0,6.69,28.02
2024-08-28,20.8,3.67,0.275,7.28,1.092,1.79,2.148,4.64,0.07,1.2,0.12,4.19,0.335,0.258,0.194,8,4.234,0.0,6.69,28.33
2024-08-29,24.1,5.09,0.382,8.32,1.248,1.92,2.304,4.56,0.068,1.33,0.133,4.85,0.388,0.329,0.247,8,4.77,0.0,6.69,31.91
2024-08-30,26.6,5.34,0.4,10.21,1.532,0.72,0.864,4.14,0.062,0.66,0.066,6.03,0.482,0.275,0.206,8,3.612,0.0,6.69,24.16
2024-08-31,22.0,4.77,0.358,7.86,1.179,1.89,2.268,5.81,0.087,3.13,0.313,2.72,0.218,0.286,0.214,8,4.637,0.0,6.69,31.02
2024-09-01,21.6,3.95,0.296,7.84,1.176,1.24,1.488,5.52,0.083,2.72,0.272,1.38,0.11,0.22,0.165,9,3.59,0.0,7.12,25.56
2024-09-02,27.2,5.32,0.399,8.64,1.296,0.89,1.068,4.56,0.068,1.25,0.125,5.83,0.466,0.24,0.18,9,3.602,0.0,7.12,25.65
2024-09-03,23.1,4.95,0.371,7.63,1.144,1.19,1.428,4.32,0.065,1.76,0.176,3.2,0.256,0.254,0.19,9,3.63,0.0,7.12,25.85
2024-09-04,26.3,4.47,0.335,9.39,1.408,1.97,2.364,4.62,0.069,1.67,0.167,6.49,0.519,0.172,0.129,9,4.991,0.0,7.12,35.54
2024-09-05,27.2,6.08,0.456,9.24,1.386,1.24,1.488,4.29,0.064,0.97,0.097,3.08,0.246,0.251,0.188,9,3.925,0.0,7.12,27.95
2024-09-06,22.5,3.09,0.232,7.27,1.09,0.99,1.188,4.86,0.073,0.68,0.068,4.22,0.338,0.274,0.206,9,3.195,0.0,7.12,22.75
2024-09-07,24.9,6.12,0.459,8.09,1.214,1.45,1.74,4.99,0.075,3.43,0.343,1.73,0.138,0.262,0.196,9,4.165,0.0,7.12,29.65
2024-09-08,27.8,6.36,0.477,9.33,1.4,0.86,1.032,5.26,0.079,3.36,0.336,1.12,0.09,0.244,0.183,9,3.597,0.0,7.12,25.61
2024-09-09,19.0,0.89,0.067,7.11,1.066,0.61,0.732,5.99,0.09,1.51,0.151,3.99,0.319,0.223,0.167,9,2.592,0.0,7.12,18.46
2024-09-10,28.7,6.38,0.478,8.5,1.275,0.69,0.828,3.98,0.06,1.52,0.152,4.79,0.383,0.271,0.203,9,3.379,0.0,7.12,24.06
2024-09-11,23.5,4.84,0.363,8.04,1.206,0.69,0.828,4.93,0.074,2.4,0.24,4.58,0.366,0.222,0.166,9,3.243,0.0,7.12,23.09
2024-09-12,21.5,3.59,0.269,7.94,1.191,0.73,0.876,4.94,0.074,1.67,0.167,4.74,0.379,0.219,0.164,9,3.12,0.0,7.12,22.21
2024-09-13,24.4,4.12,0.309,8.38,1.257,0.71,0.852,4.48,0.067,0.36,0.036,4.0,0.32,0.251,0.188,9,3.029,0.0,7.12,21.57
2024-09-14,28.6,6.1,0.457,9.97,1.496,1.46,1.752,4.51,0.068,2.42,0.242,0.88,0.07,0.265,0.199,9,4.284,0.0,7.12,30.5
2024-09-15,27.0,6.07,0.455,9.05,1.358,0.77,0.924,6.18,0.093,2.36,0.236,1.68,0.134,0.257,0.193,9,3.393,0.0,7.12,24.16
2024-09-16,27.9,5.28,0.396,9.08,1.362,1.02,1.224,5.07,0.076,1.61,0.161,5.5,0.44,0.199,0.149,9,3.808,0.0,7.12,27.11
2024-09-17,24.3,4.31,0.323,8.75,1.312,1.85,2.22,4.26,0.064,1.69,0.169,5.1,0.408,0.176,0.132,9,4.628,0.0,7.12,32.95
2024-09-18,23.4,4.59,0.344,8.5,1.275,1.21,1.452,5.15,0.077,2.14,0.214,5.03,0.402,0.186,0.14,9,3.904,0.0,7.12,27.8
2024-09-19,24.0,3.48,0.261,7.44,1.116,1.5,1.8,4.59,0.069,1.89,0.189,4.99,0.399,0.286,0.214,9,4.048,0.0,7.12,28.82
2024-09-20,23.0,3.28,0.246,8.28,1.242,0.76,0.912,4.71,0.071,0.94,0.094,4.48,0.358,0.18,0.135,9,3.058,0.0,7.12,21.77
2024-09-21,23.7,5.18,0.388,8.12,1.218,0.79,0.948,5.41,0.081,3.71,0.371,1.84,0.147,0.205,0.154,9,3.307,0.0,7.12,23.55
2024-09-22,28.1,6.09,0.457,9.93,1.489,0.56,0.672,5.2,0.078,3.03,0.303,1.16,0.093,0.307,0.23,9,3.322,0.0,7.12,23.65
2024-09-23,24.7,3.62,0.272,8.35,1.252,0.75,0.9,5.31,0.08,0.77,0.077,5.34,0.427,0.181,0.136,9,3.144,0.0,7.12,22.39
2024-09-24,22.7,2.81,0.211,8.22,1.233,0.92,1.104,3.78,0.057,1.1,0.11,7.04,0.563,0.168,0.126,9,3.404,0.0,7.12,24.24
2024-09-25,25.4,5.97,0.448,9.38,1.407,0.77,0.924,4.3,0.064,0.81,0.081,5.2,0.416,0.26,0.195,9,3.535,0.0,7.12,25.17
2024-09-26,21.6,4.53,0.34,6.69,1.004,0.63,0.756,5.34,0.08,1.64,0.164,4.37,0.35,0.261,0.196,9,2.89,0.0,7.12,20.58
2024-09-27,27.5,5.21,0.391,8.6,1.29,0.68,0.816,2.92,0.044,1.36,0.136,6.15,0.492,0.309,0.232,9,3.401,0.0,7.12,24.22
2024-09-28,24.8,4.63,0.347,9.86,1.479,1.19,1.428,5.36,0.08,3.31,0.331,2.3,0.184,0.266,0.2,9,4.049,0.0,7.12,28.83
2024-09-29,22.2,5.15,0.386,7.23,1.084,0.81,0.972,5.53,0.083,3.86,0.386,1.18,0.094,0.173,0.13,9,3.135,0.0,7.12,22.32
2024-09-30,20.2,2.04,0.153,7.35,1.102,1.05,1.26,5.24,0.079,0.1,0.01,4.54,0.363,0.234,0.176,9,3.143,0.0,7.12,22.38
